PRAGMA foreign_keys=OFF;
BEGIN TRANSACTION;
CREATE TABLE IF NOT EXISTS "__field_types" (
	"id" INTEGER PRIMARY KEY NOT NULL,
	"_version_" INTEGER NOT NULL DEFAULT 0,
	"_cdate_" DATETIME NOT NULL DEFAULT CURRENT_TIMESTAMP,
	"_mdate_" DATETIME,
	"inherit_id" INTEGER
	CONSTRAINT __field_types_not_equal_to_itself
	REFERENCES "__field_types"("id")
	CHECK("inherit_id" <> "id"),
	"name" VARCHAR NOT NULL COLLATE NOCASE
	CONSTRAINT __field_types_name_unique UNIQUE,
	"length" integer DEFAULT 0,
	"notes" TEXT COLLATE NOCASE
);
INSERT INTO __field_types VALUES(1,0,'2015-07-05 17:58:07',NULL,NULL,'VARCHAR',0,'One line text');
INSERT INTO __field_types VALUES(2,0,'2015-07-05 17:58:07',NULL,NULL,'INTEGER',0,'Non fractional numbers');
INSERT INTO __field_types VALUES(3,0,'2015-07-05 17:58:07',NULL,2,'REFERENCE_ID',0,'Integer type pointing to a table/field');
INSERT INTO __field_types VALUES(4,0,'2015-07-05 17:58:07',NULL,2,'BOOLEAN',0,'On/Off values (1/0)');
INSERT INTO __field_types VALUES(5,0,'2015-07-05 17:58:07',NULL,NULL,'FLOAT',0,'Fast fractional numbers (not for monetary values)');
INSERT INTO __field_types VALUES(6,0,'2015-07-05 17:58:07',NULL,5,'NUMERIC',0,'Monetary values');
INSERT INTO __field_types VALUES(7,0,'2015-07-05 17:58:07',NULL,NULL,'DATE',0,'Date only values');
INSERT INTO __field_types VALUES(8,0,'2015-07-05 17:58:07',NULL,7,'DATETIME',0,'Date and time combined values');
INSERT INTO __field_types VALUES(9,0,'2015-07-05 17:58:07',NULL,1,'TEXT',0,'Multiline text');
INSERT INTO __field_types VALUES(10,0,'2015-07-05 17:58:07',NULL,NULL,'BLOB',0,'Binary values (images, documents, files)');
INSERT INTO __field_types VALUES(11,0,'2015-07-08 10:16:42',NULL,5,'REAL',NULL,NULL);
INSERT INTO __field_types VALUES(12,0,'2015-09-01 14:13:44',NULL,5,'DECIMAL',NULL,NULL);
CREATE TABLE IF NOT EXISTS "__escape_html_types" (
	"id" INTEGER PRIMARY KEY NOT NULL,
	"_version_" INTEGER NOT NULL DEFAULT 0,
	"_cdate_" DATETIME NOT NULL DEFAULT CURRENT_TIMESTAMP,
	"_mdate_" DATETIME,
	"name" VARCHAR NOT NULL COLLATE NOCASE
	CONSTRAINT __escape_html_types_name_unique UNIQUE,
	"notes" TEXT COLLATE NOCASE
);
INSERT INTO __escape_html_types VALUES(1,0,'2015-07-05 17:58:07',NULL,'ON_SAVE','Escape html chars before save');
INSERT INTO __escape_html_types VALUES(2,0,'2015-07-05 17:58:07',NULL,'ON_READ','Escape html chars after read');
INSERT INTO __escape_html_types VALUES(3,0,'2015-07-05 17:58:07',NULL,'NONE','No escape at all');
CREATE TABLE IF NOT EXISTS "__field_type_collations" (
	"id" INTEGER PRIMARY KEY NOT NULL,
	"_version_" INTEGER NOT NULL DEFAULT 0,
	"_cdate_" DATETIME NOT NULL DEFAULT CURRENT_TIMESTAMP,
	"_mdate_" DATETIME,
	"name" VARCHAR NOT NULL COLLATE NOCASE
	CONSTRAINT __field_type_collations_name_unique UNIQUE,
	"notes" TEXT COLLATE NOCASE
);
INSERT INTO __field_type_collations VALUES(1,1,'2015-07-07 14:44:05','2015-07-07 14:56:52','NOCASE','The same as binary, except the 26 upper case characters of ASCII are folded to their lower case equivalents before the comparison is performed.');
INSERT INTO __field_type_collations VALUES(2,1,'2015-07-07 14:44:20','2015-07-07 14:56:25','BINARY','Compares string data using memcmp(), regardless of text encoding.');
INSERT INTO __field_type_collations VALUES(3,1,'2015-07-07 14:48:34','2015-07-07 14:57:06','RTRIM','The same as binary, except that trailing space characters are ignored.');
INSERT INTO __field_type_collations VALUES(4,1,'2015-07-07 14:52:09','2015-07-07 14:55:53','NOCASE_SLNA','Uses a strip down latin character set without accents');
INSERT INTO __field_type_collations VALUES(5,1,'2015-07-07 14:52:19','2015-07-07 14:56:02','NOCASE_SL','Uses a strip down latin character set');
CREATE TABLE IF NOT EXISTS "__fields_metadata" (
	"id" INTEGER PRIMARY KEY NOT NULL,
	"_version_" INTEGER NOT NULL DEFAULT 0,
	"_cdate_" DATETIME NOT NULL DEFAULT CURRENT_TIMESTAMP,
	"_mdate_" DATETIME,
	"inherit_id" INTEGER
	CONSTRAINT __fields_metadata_not_equal_to_itself
	REFERENCES "__fields_metadata"("id")
	CHECK("inherit_id" <> "id"),
	"name" VARCHAR NOT NULL COLLATE NOCASE
	CONSTRAINT __fields_metadata_name_unique UNIQUE,
	"type_id" INTEGER NOT NULL
	CONSTRAINT __fields_metadata_type_id_in_field_types
	REFERENCES "__field_types"("id"),
	"collate_id" INTEGER
	CONSTRAINT __fields_metadata_collate_id_in_field_type_collations
	REFERENCES "__field_type_collations"("id"),
	"default_value" VARCHAR COLLATE NOCASE,
	"valid_values" VARCHAR COLLATE NOCASE,
	"length" INTEGER DEFAULT 0,
	"label" VARCHAR COLLATE NOCASE,
	"input_type" VARCHAR COLLATE NOCASE,
	"tooltip" VARCHAR COLLATE NOCASE,
	"notes" TEXT COLLATE NOCASE,
	"is_required" BOOLEAN NOT NULL DEFAULT 0,
	"is_read_only" BOOLEAN NOT NULL DEFAULT 0,
	"is_calculated" BOOLEAN NOT NULL DEFAULT 0,
	"null_when_blank" BOOLEAN NOT NULL DEFAULT 1,
	"escape_html" INTEGER
	CONSTRAINT __fields_metadata_escape_html_in_escape_html_types
	REFERENCES "__escape_html_types"("id")
);
INSERT INTO __fields_metadata VALUES(1,0,'2015-07-05 17:58:07',NULL,NULL,'id',2,NULL,NULL,NULL,0,NULL,NULL,NULL,'Used to uniquely identify a reord on a table',0,0,0,1,NULL);
INSERT INTO __fields_metadata VALUES(2,0,'2015-07-05 17:58:07',NULL,NULL,'_version_',2,NULL,NULL,NULL,0,NULL,NULL,NULL,'Is compared and incremented on every update to prevent multiuser overwrites',0,0,0,1,NULL);
INSERT INTO __fields_metadata VALUES(3,0,'2015-07-05 17:58:07',NULL,NULL,'_cdate_',8,NULL,NULL,NULL,0,NULL,NULL,NULL,'Register the datetime of a record creation/insertion',0,0,0,1,NULL);
INSERT INTO __fields_metadata VALUES(4,0,'2015-07-05 17:58:07',NULL,NULL,'_mdate_',8,NULL,NULL,NULL,0,NULL,NULL,NULL,'Register the datetime of a record update',0,0,0,1,NULL);
INSERT INTO __fields_metadata VALUES(5,1,'2015-07-05 17:58:07','2015-07-07 14:58:35',NULL,'name',1,4,NULL,NULL,0,NULL,NULL,NULL,'Used to give friendly name to identify a record normally unique',0,0,0,1,NULL);
INSERT INTO __fields_metadata VALUES(7,1,'2015-07-05 17:58:07','2015-07-07 14:58:27',NULL,'label',1,4,NULL,NULL,0,NULL,NULL,NULL,'Used to give friendly name to a database field name',0,0,0,1,NULL);
INSERT INTO __fields_metadata VALUES(8,1,'2015-07-05 17:58:07','2015-07-07 14:58:42',NULL,'notes',9,4,NULL,NULL,0,NULL,NULL,NULL,'Used to make annotations/documentation of a record',0,0,0,1,NULL);
INSERT INTO __fields_metadata VALUES(9,0,'2015-07-05 17:58:07',NULL,NULL,'inherit_id',3,NULL,NULL,NULL,0,NULL,NULL,NULL,'Used to identify a record that was used as base for this one',0,0,0,1,NULL);
INSERT INTO __fields_metadata VALUES(11,0,'2015-07-05 17:58:07',NULL,NULL,'length',2,NULL,NULL,NULL,0,NULL,NULL,NULL,NULL,0,0,0,1,NULL);
INSERT INTO __fields_metadata VALUES(12,0,'2015-07-05 17:58:07',NULL,NULL,'type_id',2,NULL,NULL,NULL,0,NULL,NULL,NULL,NULL,0,0,0,1,NULL);
INSERT INTO __fields_metadata VALUES(13,0,'2015-07-05 17:58:07',NULL,NULL,'default_value',1,NULL,NULL,NULL,0,NULL,NULL,NULL,NULL,0,0,0,1,NULL);
INSERT INTO __fields_metadata VALUES(14,0,'2015-07-05 17:58:07',NULL,NULL,'valid_values',1,NULL,NULL,NULL,0,NULL,NULL,NULL,NULL,0,0,0,1,NULL);
INSERT INTO __fields_metadata VALUES(15,0,'2015-07-05 17:58:07',NULL,NULL,'input_type',1,NULL,NULL,NULL,0,NULL,NULL,NULL,NULL,0,0,0,1,NULL);
INSERT INTO __fields_metadata VALUES(16,1,'2015-07-05 17:58:07','2015-07-07 14:58:54',NULL,'tooltip',1,4,NULL,NULL,0,NULL,NULL,NULL,NULL,0,0,0,1,NULL);
INSERT INTO __fields_metadata VALUES(17,0,'2015-07-05 17:58:07',NULL,NULL,'is_required',4,NULL,NULL,NULL,0,NULL,NULL,NULL,NULL,0,0,0,1,NULL);
INSERT INTO __fields_metadata VALUES(18,0,'2015-07-05 17:58:07',NULL,NULL,'is_read_only',4,NULL,NULL,NULL,0,NULL,NULL,NULL,NULL,0,0,0,1,NULL);
INSERT INTO __fields_metadata VALUES(19,0,'2015-07-05 17:58:07',NULL,NULL,'is_calculated',4,NULL,NULL,NULL,0,NULL,NULL,NULL,NULL,0,0,0,1,NULL);
INSERT INTO __fields_metadata VALUES(20,0,'2015-07-05 17:58:07',NULL,NULL,'null_when_blank',4,NULL,NULL,NULL,0,NULL,NULL,NULL,NULL,0,0,0,1,NULL);
INSERT INTO __fields_metadata VALUES(21,0,'2015-07-05 17:58:07',NULL,NULL,'escape_html',2,NULL,NULL,NULL,0,NULL,NULL,NULL,NULL,0,0,0,1,NULL);
INSERT INTO __fields_metadata VALUES(22,0,'2015-07-05 17:58:07',NULL,NULL,'is_view',4,NULL,NULL,NULL,0,NULL,NULL,NULL,NULL,0,0,0,1,NULL);
INSERT INTO __fields_metadata VALUES(23,0,'2015-07-05 17:58:07',NULL,NULL,'default_list_limit',2,NULL,NULL,NULL,0,NULL,NULL,NULL,NULL,0,0,0,1,NULL);
INSERT INTO __fields_metadata VALUES(24,0,'2015-07-05 17:58:07',NULL,NULL,'with_field_prefix',1,NULL,NULL,NULL,0,NULL,NULL,NULL,NULL,0,0,0,1,NULL);
INSERT INTO __fields_metadata VALUES(25,0,'2015-07-05 17:58:07',NULL,NULL,'with_sql_where',1,NULL,NULL,NULL,0,NULL,NULL,NULL,NULL,0,0,0,1,NULL);
INSERT INTO __fields_metadata VALUES(26,0,'2015-07-05 17:58:07',NULL,NULL,'with_order_by',1,NULL,NULL,NULL,0,NULL,NULL,NULL,NULL,0,0,0,1,NULL);
INSERT INTO __fields_metadata VALUES(27,0,'2015-07-05 17:58:07',NULL,NULL,'edit_table_id',2,NULL,NULL,NULL,0,NULL,NULL,NULL,NULL,0,0,0,1,NULL);
INSERT INTO __fields_metadata VALUES(28,0,'2015-07-05 17:58:07',NULL,NULL,'table_id',2,NULL,NULL,NULL,0,NULL,NULL,NULL,NULL,0,0,0,1,NULL);
INSERT INTO __fields_metadata VALUES(29,0,'2015-07-05 17:58:07',NULL,NULL,'field_id',2,NULL,NULL,NULL,0,NULL,NULL,NULL,NULL,0,0,0,1,NULL);
INSERT INTO __fields_metadata VALUES(30,0,'2015-07-05 17:58:07',NULL,NULL,'table_filtered_id',2,NULL,NULL,NULL,0,NULL,NULL,NULL,NULL,0,0,0,1,NULL);
INSERT INTO __fields_metadata VALUES(31,0,'2015-07-05 17:58:07',NULL,NULL,'table_filtered_field_id',2,NULL,NULL,NULL,0,NULL,NULL,NULL,NULL,0,0,0,1,NULL);
INSERT INTO __fields_metadata VALUES(32,0,'2015-07-05 17:58:07',NULL,NULL,'link_table_id',2,NULL,NULL,NULL,0,NULL,NULL,NULL,NULL,0,0,0,1,NULL);
INSERT INTO __fields_metadata VALUES(33,0,'2015-07-05 17:58:07',NULL,NULL,'link_field_id',2,NULL,NULL,NULL,0,NULL,NULL,NULL,NULL,0,0,0,1,NULL);
INSERT INTO __fields_metadata VALUES(34,0,'2015-07-05 17:58:07',NULL,NULL,'show_text_id',2,NULL,NULL,NULL,0,NULL,NULL,NULL,NULL,0,0,0,1,NULL);
INSERT INTO __fields_metadata VALUES(35,1,'2015-07-05 17:58:07','2015-07-06 10:15:55',NULL,'filter_src_id',2,NULL,NULL,NULL,0,NULL,NULL,NULL,NULL,0,0,0,1,NULL);
INSERT INTO __fields_metadata VALUES(36,0,'2015-07-05 17:58:07',NULL,NULL,'filter_dest_id',2,NULL,NULL,NULL,0,NULL,NULL,NULL,NULL,0,0,0,1,NULL);
INSERT INTO __fields_metadata VALUES(37,0,'2015-07-06 12:46:33',NULL,NULL,'list_table_id',2,NULL,NULL,NULL,0,NULL,NULL,NULL,NULL,0,0,0,1,NULL);
INSERT INTO __fields_metadata VALUES(38,0,'2015-07-06 20:36:52',NULL,NULL,'show_table_id',2,NULL,NULL,NULL,0,NULL,NULL,NULL,NULL,0,0,0,1,NULL);
INSERT INTO __fields_metadata VALUES(39,0,'2015-07-06 21:54:14',NULL,NULL,'show_field_id',2,NULL,NULL,NULL,0,NULL,NULL,NULL,NULL,0,0,0,1,NULL);
INSERT INTO __fields_metadata VALUES(40,0,'2015-07-07 14:42:19',NULL,NULL,'collate_id',2,NULL,NULL,NULL,0,NULL,NULL,NULL,NULL,0,0,0,1,NULL);
INSERT INTO __fields_metadata VALUES(41,0,'2015-07-07 15:05:00',NULL,NULL,'username',1,NULL,NULL,NULL,0,NULL,NULL,NULL,NULL,0,0,0,1,NULL);
INSERT INTO __fields_metadata VALUES(42,0,'2015-07-07 15:05:00',NULL,NULL,'password',1,NULL,NULL,NULL,0,NULL,NULL,NULL,NULL,0,0,0,1,NULL);
INSERT INTO __fields_metadata VALUES(43,0,'2015-07-07 15:05:00',NULL,NULL,'is_admin',4,NULL,NULL,NULL,0,NULL,NULL,NULL,NULL,0,0,0,1,NULL);
INSERT INTO __fields_metadata VALUES(44,0,'2015-07-08 10:13:44',NULL,NULL,'table_id_name',1,NULL,NULL,NULL,0,NULL,NULL,NULL,NULL,0,0,0,1,NULL);
INSERT INTO __fields_metadata VALUES(45,0,'2015-07-08 10:13:44',NULL,NULL,'field_id_name',1,NULL,NULL,NULL,0,NULL,NULL,NULL,NULL,0,0,0,1,NULL);
INSERT INTO __fields_metadata VALUES(46,0,'2015-07-08 10:13:44',NULL,NULL,'inherit_id_name',1,NULL,NULL,NULL,0,NULL,NULL,NULL,NULL,0,0,0,1,NULL);
INSERT INTO __fields_metadata VALUES(47,0,'2015-07-08 10:13:44',NULL,NULL,'type_id_name',1,NULL,NULL,NULL,0,NULL,NULL,NULL,NULL,0,0,0,1,NULL);
INSERT INTO __fields_metadata VALUES(48,0,'2015-07-08 10:13:44',NULL,NULL,'escape_html_name',1,NULL,NULL,NULL,0,NULL,NULL,NULL,NULL,0,0,0,1,NULL);
INSERT INTO __fields_metadata VALUES(49,0,'2015-07-08 10:13:44',NULL,NULL,'edit_table_id_name',1,NULL,NULL,NULL,0,NULL,NULL,NULL,NULL,0,0,0,1,NULL);
INSERT INTO __fields_metadata VALUES(50,0,'2015-07-08 10:13:44',NULL,NULL,'list_table_id_name',1,NULL,NULL,NULL,0,NULL,NULL,NULL,NULL,0,0,0,1,NULL);
INSERT INTO __fields_metadata VALUES(51,0,'2015-07-08 10:13:44',NULL,NULL,'id|ID|4|R',2,NULL,NULL,NULL,0,NULL,NULL,NULL,NULL,0,0,0,1,NULL);
INSERT INTO __fields_metadata VALUES(52,0,'2015-07-08 10:13:44',NULL,NULL,'table_id_name|Table|14',1,NULL,NULL,NULL,0,NULL,NULL,NULL,NULL,0,0,0,1,NULL);
INSERT INTO __fields_metadata VALUES(53,0,'2015-07-08 10:13:44',NULL,NULL,'field_id_name|Field|-1',1,NULL,NULL,NULL,0,NULL,NULL,NULL,NULL,0,0,0,1,NULL);
INSERT INTO __fields_metadata VALUES(54,0,'2015-07-08 10:13:44',NULL,NULL,'link_table_id_name',1,NULL,NULL,NULL,0,NULL,NULL,NULL,NULL,0,0,0,1,NULL);
INSERT INTO __fields_metadata VALUES(55,0,'2015-07-08 10:13:44',NULL,NULL,'link_field_id_name',1,NULL,NULL,NULL,0,NULL,NULL,NULL,NULL,0,0,0,1,NULL);
INSERT INTO __fields_metadata VALUES(56,0,'2015-07-08 10:13:44',NULL,NULL,'show_table_id_name',1,NULL,NULL,NULL,0,NULL,NULL,NULL,NULL,0,0,0,1,NULL);
INSERT INTO __fields_metadata VALUES(57,0,'2015-07-08 10:13:44',NULL,NULL,'show_field_id_name',1,NULL,NULL,NULL,0,NULL,NULL,NULL,NULL,0,0,0,1,NULL);
INSERT INTO __fields_metadata VALUES(58,0,'2015-07-08 10:13:44',NULL,NULL,'show_text_id_name',1,NULL,NULL,NULL,0,NULL,NULL,NULL,NULL,0,0,0,1,NULL);
INSERT INTO __fields_metadata VALUES(59,0,'2015-07-08 10:13:44',NULL,NULL,'filter_src_id_name',1,NULL,NULL,NULL,0,NULL,NULL,NULL,NULL,0,0,0,1,NULL);
INSERT INTO __fields_metadata VALUES(60,0,'2015-07-08 10:13:44',NULL,NULL,'filter_dest_id_name',1,NULL,NULL,NULL,0,NULL,NULL,NULL,NULL,0,0,0,1,NULL);
INSERT INTO __fields_metadata VALUES(61,0,'2015-07-08 10:13:44',NULL,NULL,'id|ID|5|R',2,NULL,NULL,NULL,0,NULL,NULL,NULL,NULL,0,0,0,1,NULL);
INSERT INTO __fields_metadata VALUES(62,0,'2015-07-08 10:13:44',NULL,NULL,'table_id_name|Table|-1',1,NULL,NULL,NULL,0,NULL,NULL,NULL,NULL,0,0,0,1,NULL);
INSERT INTO __fields_metadata VALUES(63,0,'2015-07-08 10:13:44',NULL,NULL,'field_id_name|Field|16',1,NULL,NULL,NULL,0,NULL,NULL,NULL,NULL,0,0,0,1,NULL);
INSERT INTO __fields_metadata VALUES(64,0,'2015-07-08 10:13:44',NULL,NULL,'name|Name|8',1,NULL,NULL,NULL,0,NULL,NULL,NULL,NULL,0,0,0,1,NULL);
INSERT INTO __fields_metadata VALUES(65,0,'2015-07-08 10:13:44',NULL,NULL,'notes|Notes|-1',9,NULL,NULL,NULL,0,NULL,NULL,NULL,NULL,0,0,0,1,NULL);
INSERT INTO __fields_metadata VALUES(66,0,'2015-07-08 10:13:44',NULL,NULL,'name|Name|-1',1,NULL,NULL,NULL,0,NULL,NULL,NULL,NULL,0,0,0,1,NULL);
INSERT INTO __fields_metadata VALUES(67,0,'2015-07-08 10:13:44',NULL,NULL,'is_view|View?|5|C|B',4,NULL,NULL,NULL,0,NULL,NULL,NULL,NULL,0,0,0,1,NULL);
INSERT INTO __fields_metadata VALUES(68,0,'2015-07-08 10:13:44',NULL,NULL,'type',1,NULL,NULL,NULL,0,NULL,NULL,NULL,NULL,0,0,0,1,NULL);
INSERT INTO __fields_metadata VALUES(69,0,'2015-07-08 10:13:44',NULL,NULL,'name|Name|10',1,NULL,NULL,NULL,0,NULL,NULL,NULL,NULL,0,0,0,1,NULL);
INSERT INTO __fields_metadata VALUES(70,0,'2015-07-08 10:13:44',NULL,NULL,'type|Type|10',1,NULL,NULL,NULL,0,NULL,NULL,NULL,NULL,0,0,0,1,NULL);
INSERT INTO __fields_metadata VALUES(71,0,'2015-07-08 10:13:44',NULL,NULL,'username|Username|10',1,NULL,NULL,NULL,0,NULL,NULL,NULL,NULL,0,0,0,1,NULL);
INSERT INTO __fields_metadata VALUES(72,0,'2015-07-08 10:13:44',NULL,NULL,'is_admin|Is Admin|6|C|B',4,NULL,NULL,NULL,0,NULL,NULL,NULL,NULL,0,0,0,1,NULL);
INSERT INTO __fields_metadata VALUES(73,0,'2015-07-08 10:13:44',NULL,NULL,'table_filtered_id_name',1,NULL,NULL,NULL,0,NULL,NULL,NULL,NULL,0,0,0,1,NULL);
INSERT INTO __fields_metadata VALUES(74,0,'2015-07-08 10:13:44',NULL,NULL,'table_filtered_field_id_name',1,NULL,NULL,NULL,0,NULL,NULL,NULL,NULL,0,0,0,1,NULL);
INSERT INTO __fields_metadata VALUES(75,0,'2015-07-08 10:13:44',NULL,NULL,'table_filtered_id_name|Filtered|-1',1,NULL,NULL,NULL,0,NULL,NULL,NULL,NULL,0,0,0,1,NULL);
INSERT INTO __fields_metadata VALUES(76,0,'2015-07-12 22:44:03',NULL,NULL,'is_readonly',4,NULL,NULL,NULL,NULL,NULL,NULL,NULL,NULL,0,0,0,1,NULL);
INSERT INTO __fields_metadata VALUES(77,0,'2015-07-12 22:44:03',NULL,NULL,'null_when_empty',4,NULL,NULL,NULL,NULL,NULL,NULL,NULL,NULL,0,0,0,1,NULL);
INSERT INTO __fields_metadata VALUES(78,0,'2015-07-12 22:44:03',NULL,NULL,'is_input_only',4,NULL,NULL,NULL,NULL,NULL,NULL,NULL,NULL,0,0,0,1,NULL);
INSERT INTO __fields_metadata VALUES(79,0,'2015-07-13 08:56:14',NULL,NULL,'field_format',1,NULL,NULL,NULL,NULL,NULL,NULL,NULL,NULL,0,0,0,1,NULL);
INSERT INTO __fields_metadata VALUES(80,0,'2015-07-24 19:26:37',NULL,NULL,'show_on_list',4,NULL,NULL,NULL,NULL,NULL,NULL,NULL,NULL,0,0,0,1,NULL);
INSERT INTO __fields_metadata VALUES(81,0,'2015-07-24 19:26:37',NULL,NULL,'show_to_edit',4,NULL,NULL,NULL,NULL,NULL,NULL,NULL,NULL,0,0,0,1,NULL);
INSERT INTO __fields_metadata VALUES(82,0,'2015-07-24 19:26:37',NULL,NULL,'accept_for_insert_update',4,NULL,NULL,NULL,NULL,NULL,NULL,NULL,NULL,0,0,0,1,NULL);
INSERT INTO __fields_metadata VALUES(83,0,'2015-08-24 10:44:19',NULL,NULL,'sql',9,NULL,NULL,NULL,NULL,NULL,NULL,NULL,NULL,0,0,0,1,NULL);
INSERT INTO __fields_metadata VALUES(84,0,'2015-08-24 10:44:19',NULL,NULL,'path',1,NULL,NULL,NULL,NULL,NULL,NULL,NULL,NULL,0,0,0,1,NULL);
INSERT INTO __fields_metadata VALUES(85,0,'2015-08-24 10:44:19',NULL,NULL,'content',9,NULL,NULL,NULL,NULL,NULL,NULL,NULL,NULL,0,0,0,1,NULL);
INSERT INTO __fields_metadata VALUES(86,0,'2015-08-24 10:44:19',NULL,NULL,'sequence',2,NULL,NULL,NULL,NULL,NULL,NULL,NULL,NULL,0,0,0,1,NULL);
INSERT INTO __fields_metadata VALUES(87,0,'2015-08-24 10:44:19',NULL,NULL,'parent_id',2,NULL,NULL,NULL,NULL,NULL,NULL,NULL,NULL,0,0,0,1,NULL);
INSERT INTO __fields_metadata VALUES(88,0,'2015-08-24 10:44:19',NULL,NULL,'code',1,NULL,NULL,NULL,NULL,NULL,NULL,NULL,NULL,0,0,0,1,NULL);
INSERT INTO __fields_metadata VALUES(89,0,'2015-08-24 10:44:19',NULL,NULL,'table_view_id',2,NULL,NULL,NULL,NULL,NULL,NULL,NULL,NULL,0,0,0,1,NULL);
INSERT INTO __fields_metadata VALUES(90,0,'2015-08-24 10:44:19',NULL,NULL,'parent',1,NULL,NULL,NULL,NULL,NULL,NULL,NULL,NULL,0,0,0,1,NULL);
INSERT INTO __fields_metadata VALUES(91,0,'2015-08-24 10:44:19',NULL,NULL,'table_view',1,NULL,NULL,NULL,NULL,NULL,NULL,NULL,NULL,0,0,0,1,NULL);
INSERT INTO __fields_metadata VALUES(92,0,'2015-09-08 12:25:59',NULL,NULL,'base',9,NULL,NULL,NULL,NULL,NULL,NULL,NULL,NULL,0,0,0,1,NULL);
INSERT INTO __fields_metadata VALUES(98,0,'2015-09-12 10:51:59',NULL,NULL,'write_uid',1,NULL,NULL,NULL,NULL,NULL,NULL,NULL,NULL,0,0,0,1,NULL);
INSERT INTO __fields_metadata VALUES(99,0,'2015-09-12 10:51:59',NULL,NULL,'create_uid',1,NULL,NULL,NULL,NULL,NULL,NULL,NULL,NULL,0,0,0,1,NULL);
INSERT INTO __fields_metadata VALUES(100,0,'2015-09-12 10:51:59',NULL,NULL,'create_date',1,NULL,NULL,NULL,NULL,NULL,NULL,NULL,NULL,0,0,0,1,NULL);
INSERT INTO __fields_metadata VALUES(101,0,'2015-09-12 10:51:59',NULL,NULL,'write_date',1,NULL,NULL,NULL,NULL,NULL,NULL,NULL,NULL,0,0,0,1,NULL);
INSERT INTO __fields_metadata VALUES(102,0,'2015-09-12 10:51:59',NULL,NULL,'ct',1,NULL,NULL,NULL,NULL,NULL,NULL,NULL,NULL,0,0,0,1,NULL);
INSERT INTO __fields_metadata VALUES(122,0,'2015-09-13 14:23:00',NULL,NULL,'no_server_fill',4,NULL,NULL,NULL,NULL,NULL,NULL,NULL,NULL,0,0,0,1,NULL);
INSERT INTO __fields_metadata VALUES(134,0,'2016-04-20 19:18:50',NULL,NULL,'app_sql_id',2,NULL,NULL,NULL,NULL,NULL,NULL,NULL,NULL,0,0,0,1,NULL);
INSERT INTO __fields_metadata VALUES(135,0,'2016-04-20 19:18:50',NULL,NULL,'field_type',1,NULL,NULL,NULL,NULL,NULL,NULL,NULL,NULL,0,0,0,1,NULL);
INSERT INTO __fields_metadata VALUES(172,0,'2016-08-10 15:02:56',NULL,NULL,'extra_html',9,NULL,NULL,NULL,NULL,NULL,NULL,NULL,NULL,0,0,0,1,NULL);
CREATE TABLE IF NOT EXISTS "__users" (
	"id" INTEGER PRIMARY KEY NOT NULL,
	"_version_" INTEGER NOT NULL DEFAULT 0,
	"_cdate_" DATETIME NOT NULL DEFAULT CURRENT_TIMESTAMP,
	"_mdate_" DATETIME,
	"username" VARCHAR NOT NULL COLLATE NOCASE
	CONSTRAINT __users_name_unique UNIQUE,
	"password" VARCHAR,
	"is_admin" BOOLEAN NOT NULL DEFAULT 0,
	"notes" TEXT COLLATE NOCASE
);
INSERT INTO __users VALUES(1,0,'2015-07-07 15:10:02',NULL,'dbadmin',NULL,1,NULL);
CREATE TABLE IF NOT EXISTS "__table_metadata_fields" (
	"id" INTEGER PRIMARY KEY NOT NULL,
	"_version_" INTEGER NOT NULL DEFAULT 0,
	"_cdate_" DATETIME NOT NULL DEFAULT CURRENT_TIMESTAMP,
	"_mdate_" DATETIME,
	"table_id" INTEGER NOT NULL,
	"field_id" INTEGER NOT NULL,
	"is_readonly" BOOLEAN,
	"is_required" BOOLEAN,
	"null_when_empty" BOOLEAN,
	"is_input_only" BOOLEAN,
	"show_on_list" BOOLEAN,
	"show_to_edit" BOOLEAN,
	"accept_for_insert_update" BOOLEAN,
	"notes" TEXT COLLATE NOCASE,
	CONSTRAINT __table_metadata_fields_unique_table_id_field_id UNIQUE("table_id", "field_id"),
	CONSTRAINT __table_metadata_fields_table_id_in_tables_metadata FOREIGN KEY (table_id) REFERENCES "__tables_metadata"("id"),
	CONSTRAINT __table_metadata_fields_field_id_in_fields_metadata FOREIGN KEY (field_id) REFERENCES "__fields_metadata"("id")
);
INSERT INTO __table_metadata_fields VALUES(1,0,'2015-07-05 17:58:07',NULL,1,1,NULL,NULL,NULL,NULL,NULL,NULL,NULL,NULL);
INSERT INTO __table_metadata_fields VALUES(2,0,'2015-07-05 17:58:07',NULL,1,2,NULL,NULL,NULL,NULL,NULL,NULL,NULL,NULL);
INSERT INTO __table_metadata_fields VALUES(3,0,'2015-07-05 17:58:07',NULL,1,3,NULL,NULL,NULL,NULL,NULL,NULL,NULL,NULL);
INSERT INTO __table_metadata_fields VALUES(4,0,'2015-07-05 17:58:07',NULL,1,4,NULL,NULL,NULL,NULL,NULL,NULL,NULL,NULL);
INSERT INTO __table_metadata_fields VALUES(5,0,'2015-07-05 17:58:07',NULL,1,9,NULL,NULL,NULL,NULL,NULL,NULL,NULL,NULL);
INSERT INTO __table_metadata_fields VALUES(6,0,'2015-07-05 17:58:08',NULL,1,5,NULL,NULL,NULL,NULL,NULL,NULL,NULL,NULL);
INSERT INTO __table_metadata_fields VALUES(7,0,'2015-07-05 17:58:08',NULL,1,11,NULL,NULL,NULL,NULL,NULL,NULL,NULL,NULL);
INSERT INTO __table_metadata_fields VALUES(8,0,'2015-07-05 17:58:08',NULL,1,8,NULL,NULL,NULL,NULL,NULL,NULL,NULL,NULL);
INSERT INTO __table_metadata_fields VALUES(9,0,'2015-07-05 17:58:08',NULL,2,1,NULL,NULL,NULL,NULL,NULL,NULL,NULL,NULL);
INSERT INTO __table_metadata_fields VALUES(10,0,'2015-07-05 17:58:08',NULL,2,2,NULL,NULL,NULL,NULL,NULL,NULL,NULL,NULL);
INSERT INTO __table_metadata_fields VALUES(11,0,'2015-07-05 17:58:08',NULL,2,3,NULL,NULL,NULL,NULL,NULL,NULL,NULL,NULL);
INSERT INTO __table_metadata_fields VALUES(12,0,'2015-07-05 17:58:08',NULL,2,4,NULL,NULL,NULL,NULL,NULL,NULL,NULL,NULL);
INSERT INTO __table_metadata_fields VALUES(13,0,'2015-07-05 17:58:08',NULL,2,5,NULL,NULL,NULL,NULL,NULL,NULL,NULL,NULL);
INSERT INTO __table_metadata_fields VALUES(14,0,'2015-07-05 17:58:08',NULL,2,8,NULL,NULL,NULL,NULL,NULL,NULL,NULL,NULL);
INSERT INTO __table_metadata_fields VALUES(15,0,'2015-07-05 17:58:08',NULL,3,1,NULL,NULL,NULL,NULL,NULL,NULL,NULL,NULL);
INSERT INTO __table_metadata_fields VALUES(16,0,'2015-07-05 17:58:08',NULL,3,2,NULL,NULL,NULL,NULL,NULL,NULL,NULL,NULL);
INSERT INTO __table_metadata_fields VALUES(17,0,'2015-07-05 17:58:08',NULL,3,3,NULL,NULL,NULL,NULL,NULL,NULL,NULL,NULL);
INSERT INTO __table_metadata_fields VALUES(18,0,'2015-07-05 17:58:08',NULL,3,4,NULL,NULL,NULL,NULL,NULL,NULL,NULL,NULL);
INSERT INTO __table_metadata_fields VALUES(19,0,'2015-07-05 17:58:08',NULL,3,9,NULL,NULL,NULL,NULL,NULL,NULL,NULL,NULL);
INSERT INTO __table_metadata_fields VALUES(20,0,'2015-07-05 17:58:08',NULL,3,5,NULL,NULL,NULL,NULL,NULL,NULL,NULL,NULL);
INSERT INTO __table_metadata_fields VALUES(21,0,'2015-07-05 17:58:08',NULL,3,12,NULL,NULL,NULL,NULL,NULL,NULL,NULL,NULL);
INSERT INTO __table_metadata_fields VALUES(22,0,'2015-07-05 17:58:08',NULL,3,13,NULL,NULL,NULL,NULL,NULL,NULL,NULL,NULL);
INSERT INTO __table_metadata_fields VALUES(23,0,'2015-07-05 17:58:08',NULL,3,14,NULL,NULL,NULL,NULL,NULL,NULL,NULL,NULL);
INSERT INTO __table_metadata_fields VALUES(24,0,'2015-07-05 17:58:08',NULL,3,11,NULL,NULL,NULL,NULL,NULL,NULL,NULL,NULL);
INSERT INTO __table_metadata_fields VALUES(25,0,'2015-07-05 17:58:08',NULL,3,7,NULL,NULL,NULL,NULL,NULL,NULL,NULL,NULL);
INSERT INTO __table_metadata_fields VALUES(26,0,'2015-07-05 17:58:08',NULL,3,15,NULL,NULL,NULL,NULL,NULL,NULL,NULL,NULL);
INSERT INTO __table_metadata_fields VALUES(27,0,'2015-07-05 17:58:08',NULL,3,16,NULL,NULL,NULL,NULL,NULL,NULL,NULL,NULL);
INSERT INTO __table_metadata_fields VALUES(28,0,'2015-07-05 17:58:08',NULL,3,8,NULL,NULL,NULL,NULL,NULL,NULL,NULL,NULL);
INSERT INTO __table_metadata_fields VALUES(29,0,'2015-07-05 17:58:08',NULL,3,17,NULL,NULL,NULL,NULL,NULL,NULL,NULL,NULL);
INSERT INTO __table_metadata_fields VALUES(30,0,'2015-07-05 17:58:08',NULL,3,18,NULL,NULL,NULL,NULL,NULL,NULL,NULL,NULL);
INSERT INTO __table_metadata_fields VALUES(31,0,'2015-07-05 17:58:08',NULL,3,19,NULL,NULL,NULL,NULL,NULL,NULL,NULL,NULL);
INSERT INTO __table_metadata_fields VALUES(32,0,'2015-07-05 17:58:08',NULL,3,20,NULL,NULL,NULL,NULL,NULL,NULL,NULL,NULL);
INSERT INTO __table_metadata_fields VALUES(33,0,'2015-07-05 17:58:08',NULL,3,21,NULL,NULL,NULL,NULL,NULL,NULL,NULL,NULL);
INSERT INTO __table_metadata_fields VALUES(34,0,'2015-07-05 17:58:08',NULL,4,1,NULL,NULL,NULL,NULL,NULL,NULL,NULL,NULL);
INSERT INTO __table_metadata_fields VALUES(35,0,'2015-07-05 17:58:08',NULL,4,2,NULL,NULL,NULL,NULL,NULL,NULL,NULL,NULL);
INSERT INTO __table_metadata_fields VALUES(36,0,'2015-07-05 17:58:08',NULL,4,3,NULL,NULL,NULL,NULL,NULL,NULL,NULL,NULL);
INSERT INTO __table_metadata_fields VALUES(37,0,'2015-07-05 17:58:08',NULL,4,4,NULL,NULL,NULL,NULL,NULL,NULL,NULL,NULL);
INSERT INTO __table_metadata_fields VALUES(38,0,'2015-07-05 17:58:08',NULL,4,9,NULL,NULL,NULL,NULL,NULL,NULL,NULL,NULL);
INSERT INTO __table_metadata_fields VALUES(39,0,'2015-07-05 17:58:08',NULL,4,5,NULL,NULL,NULL,NULL,NULL,NULL,NULL,NULL);
INSERT INTO __table_metadata_fields VALUES(40,0,'2015-07-05 17:58:08',NULL,4,7,NULL,NULL,NULL,NULL,NULL,NULL,NULL,NULL);
INSERT INTO __table_metadata_fields VALUES(41,0,'2015-07-05 17:58:08',NULL,4,16,NULL,NULL,NULL,NULL,NULL,NULL,NULL,NULL);
INSERT INTO __table_metadata_fields VALUES(42,0,'2015-07-05 17:58:08',NULL,4,8,NULL,NULL,NULL,NULL,NULL,NULL,NULL,NULL);
INSERT INTO __table_metadata_fields VALUES(43,0,'2015-07-05 17:58:08',NULL,4,22,NULL,NULL,NULL,NULL,NULL,NULL,NULL,NULL);
INSERT INTO __table_metadata_fields VALUES(44,0,'2015-07-05 17:58:08',NULL,4,18,NULL,NULL,NULL,NULL,NULL,NULL,NULL,NULL);
INSERT INTO __table_metadata_fields VALUES(45,0,'2015-07-05 17:58:08',NULL,4,20,NULL,NULL,NULL,NULL,NULL,NULL,NULL,NULL);
INSERT INTO __table_metadata_fields VALUES(46,0,'2015-07-05 17:58:08',NULL,4,21,NULL,NULL,NULL,NULL,NULL,NULL,NULL,NULL);
INSERT INTO __table_metadata_fields VALUES(47,0,'2015-07-05 17:58:08',NULL,4,23,NULL,NULL,NULL,NULL,NULL,NULL,NULL,NULL);
INSERT INTO __table_metadata_fields VALUES(48,0,'2015-07-05 17:58:08',NULL,4,24,NULL,NULL,NULL,NULL,NULL,NULL,NULL,NULL);
INSERT INTO __table_metadata_fields VALUES(49,0,'2015-07-05 17:58:08',NULL,4,25,NULL,NULL,NULL,NULL,NULL,NULL,NULL,NULL);
INSERT INTO __table_metadata_fields VALUES(50,0,'2015-07-05 17:58:08',NULL,4,26,NULL,NULL,NULL,NULL,NULL,NULL,NULL,NULL);
INSERT INTO __table_metadata_fields VALUES(51,0,'2015-07-05 17:58:08',NULL,4,27,NULL,NULL,NULL,NULL,NULL,NULL,NULL,NULL);
INSERT INTO __table_metadata_fields VALUES(52,0,'2015-07-05 17:58:08',NULL,5,1,NULL,NULL,NULL,NULL,NULL,NULL,NULL,NULL);
INSERT INTO __table_metadata_fields VALUES(53,0,'2015-07-05 17:58:08',NULL,5,2,NULL,NULL,NULL,NULL,NULL,NULL,NULL,NULL);
INSERT INTO __table_metadata_fields VALUES(54,0,'2015-07-05 17:58:08',NULL,5,3,NULL,NULL,NULL,NULL,NULL,NULL,NULL,NULL);
INSERT INTO __table_metadata_fields VALUES(55,0,'2015-07-05 17:58:08',NULL,5,4,NULL,NULL,NULL,NULL,NULL,NULL,NULL,NULL);
INSERT INTO __table_metadata_fields VALUES(56,0,'2015-07-05 17:58:08',NULL,5,28,NULL,NULL,NULL,NULL,NULL,NULL,NULL,NULL);
INSERT INTO __table_metadata_fields VALUES(57,0,'2015-07-05 17:58:08',NULL,5,29,NULL,NULL,NULL,NULL,NULL,NULL,NULL,NULL);
INSERT INTO __table_metadata_fields VALUES(58,0,'2015-07-05 17:58:08',NULL,6,1,NULL,NULL,NULL,NULL,NULL,NULL,NULL,NULL);
INSERT INTO __table_metadata_fields VALUES(59,0,'2015-07-05 17:58:08',NULL,6,2,NULL,NULL,NULL,NULL,NULL,NULL,NULL,NULL);
INSERT INTO __table_metadata_fields VALUES(60,0,'2015-07-05 17:58:08',NULL,6,3,NULL,NULL,NULL,NULL,NULL,NULL,NULL,NULL);
INSERT INTO __table_metadata_fields VALUES(61,0,'2015-07-05 17:58:08',NULL,6,4,NULL,NULL,NULL,NULL,NULL,NULL,NULL,NULL);
INSERT INTO __table_metadata_fields VALUES(62,0,'2015-07-05 17:58:08',NULL,6,28,NULL,NULL,NULL,NULL,NULL,NULL,NULL,NULL);
INSERT INTO __table_metadata_fields VALUES(63,0,'2015-07-05 17:58:08',NULL,6,29,NULL,NULL,NULL,NULL,NULL,NULL,NULL,NULL);
INSERT INTO __table_metadata_fields VALUES(64,0,'2015-07-05 17:58:08',NULL,7,1,NULL,NULL,NULL,NULL,NULL,NULL,NULL,NULL);
INSERT INTO __table_metadata_fields VALUES(65,0,'2015-07-05 17:58:08',NULL,7,2,NULL,NULL,NULL,NULL,NULL,NULL,NULL,NULL);
INSERT INTO __table_metadata_fields VALUES(66,0,'2015-07-05 17:58:08',NULL,7,3,NULL,NULL,NULL,NULL,NULL,NULL,NULL,NULL);
INSERT INTO __table_metadata_fields VALUES(67,0,'2015-07-05 17:58:08',NULL,7,4,NULL,NULL,NULL,NULL,NULL,NULL,NULL,NULL);
INSERT INTO __table_metadata_fields VALUES(68,0,'2015-07-05 17:58:08',NULL,7,28,NULL,NULL,NULL,NULL,NULL,NULL,NULL,NULL);
INSERT INTO __table_metadata_fields VALUES(69,0,'2015-07-05 17:58:08',NULL,7,29,NULL,NULL,NULL,NULL,NULL,NULL,NULL,NULL);
INSERT INTO __table_metadata_fields VALUES(70,0,'2015-07-05 17:58:08',NULL,8,1,NULL,NULL,NULL,NULL,NULL,NULL,NULL,NULL);
INSERT INTO __table_metadata_fields VALUES(71,0,'2015-07-05 17:58:08',NULL,8,2,NULL,NULL,NULL,NULL,NULL,NULL,NULL,NULL);
INSERT INTO __table_metadata_fields VALUES(72,0,'2015-07-05 17:58:08',NULL,8,3,NULL,NULL,NULL,NULL,NULL,NULL,NULL,NULL);
INSERT INTO __table_metadata_fields VALUES(73,0,'2015-07-05 17:58:08',NULL,8,4,NULL,NULL,NULL,NULL,NULL,NULL,NULL,NULL);
INSERT INTO __table_metadata_fields VALUES(74,0,'2015-07-05 17:58:08',NULL,8,28,NULL,NULL,NULL,NULL,NULL,NULL,NULL,NULL);
INSERT INTO __table_metadata_fields VALUES(75,0,'2015-07-05 17:58:08',NULL,8,29,NULL,NULL,NULL,NULL,NULL,NULL,NULL,NULL);
INSERT INTO __table_metadata_fields VALUES(76,0,'2015-07-05 17:58:08',NULL,8,32,NULL,NULL,NULL,NULL,NULL,NULL,NULL,NULL);
INSERT INTO __table_metadata_fields VALUES(77,0,'2015-07-05 17:58:08',NULL,8,33,NULL,NULL,NULL,NULL,NULL,NULL,NULL,NULL);
INSERT INTO __table_metadata_fields VALUES(78,0,'2015-07-05 17:58:08',NULL,8,34,NULL,NULL,NULL,NULL,NULL,NULL,NULL,NULL);
INSERT INTO __table_metadata_fields VALUES(79,0,'2015-07-05 17:58:08',NULL,8,35,NULL,NULL,NULL,NULL,NULL,NULL,NULL,NULL);
INSERT INTO __table_metadata_fields VALUES(80,0,'2015-07-05 17:58:08',NULL,8,36,NULL,NULL,NULL,NULL,NULL,NULL,NULL,NULL);
INSERT INTO __table_metadata_fields VALUES(81,0,'2015-07-05 17:58:08',NULL,22,1,NULL,NULL,NULL,NULL,NULL,NULL,NULL,NULL);
INSERT INTO __table_metadata_fields VALUES(82,0,'2015-07-05 17:58:08',NULL,22,2,NULL,NULL,NULL,NULL,NULL,NULL,NULL,NULL);
INSERT INTO __table_metadata_fields VALUES(83,0,'2015-07-05 17:58:08',NULL,22,3,NULL,NULL,NULL,NULL,NULL,NULL,NULL,NULL);
INSERT INTO __table_metadata_fields VALUES(84,0,'2015-07-05 17:58:08',NULL,22,4,NULL,NULL,NULL,NULL,NULL,NULL,NULL,NULL);
INSERT INTO __table_metadata_fields VALUES(85,0,'2015-07-05 17:58:08',NULL,22,28,NULL,NULL,NULL,NULL,NULL,NULL,NULL,NULL);
INSERT INTO __table_metadata_fields VALUES(86,0,'2015-07-05 17:58:08',NULL,22,30,NULL,NULL,NULL,NULL,NULL,NULL,NULL,NULL);
INSERT INTO __table_metadata_fields VALUES(87,0,'2015-07-05 17:58:08',NULL,22,31,NULL,NULL,NULL,NULL,NULL,NULL,NULL,NULL);
INSERT INTO __table_metadata_fields VALUES(88,0,'2015-07-06 12:46:33',NULL,4,37,NULL,NULL,NULL,NULL,NULL,NULL,NULL,NULL);
INSERT INTO __table_metadata_fields VALUES(89,0,'2015-07-06 20:36:52',NULL,8,38,NULL,NULL,NULL,NULL,NULL,NULL,NULL,NULL);
INSERT INTO __table_metadata_fields VALUES(90,0,'2015-07-06 21:54:14',NULL,8,39,NULL,NULL,NULL,NULL,NULL,NULL,NULL,NULL);
INSERT INTO __table_metadata_fields VALUES(91,0,'2015-07-07 14:18:53',NULL,36,1,NULL,NULL,NULL,NULL,NULL,NULL,NULL,NULL);
INSERT INTO __table_metadata_fields VALUES(92,0,'2015-07-07 14:18:53',NULL,36,2,NULL,NULL,NULL,NULL,NULL,NULL,NULL,NULL);
INSERT INTO __table_metadata_fields VALUES(93,0,'2015-07-07 14:18:53',NULL,36,3,NULL,NULL,NULL,NULL,NULL,NULL,NULL,NULL);
INSERT INTO __table_metadata_fields VALUES(94,0,'2015-07-07 14:18:53',NULL,36,4,NULL,NULL,NULL,NULL,NULL,NULL,NULL,NULL);
INSERT INTO __table_metadata_fields VALUES(95,0,'2015-07-07 14:18:53',NULL,36,5,NULL,NULL,NULL,NULL,NULL,NULL,NULL,NULL);
INSERT INTO __table_metadata_fields VALUES(96,0,'2015-07-07 14:18:53',NULL,36,8,NULL,NULL,NULL,NULL,NULL,NULL,NULL,NULL);
INSERT INTO __table_metadata_fields VALUES(97,0,'2015-07-07 14:42:19',NULL,3,40,NULL,NULL,NULL,NULL,NULL,NULL,NULL,NULL);
INSERT INTO __table_metadata_fields VALUES(98,0,'2015-07-07 15:05:00',NULL,39,1,NULL,NULL,NULL,NULL,NULL,NULL,NULL,NULL);
INSERT INTO __table_metadata_fields VALUES(99,0,'2015-07-07 15:05:00',NULL,39,2,NULL,NULL,NULL,NULL,NULL,NULL,NULL,NULL);
INSERT INTO __table_metadata_fields VALUES(100,0,'2015-07-07 15:05:00',NULL,39,3,NULL,NULL,NULL,NULL,NULL,NULL,NULL,NULL);
INSERT INTO __table_metadata_fields VALUES(101,0,'2015-07-07 15:05:00',NULL,39,4,NULL,NULL,NULL,NULL,NULL,NULL,NULL,NULL);
INSERT INTO __table_metadata_fields VALUES(102,0,'2015-07-07 15:05:00',NULL,39,41,NULL,NULL,NULL,NULL,NULL,NULL,NULL,NULL);
INSERT INTO __table_metadata_fields VALUES(103,0,'2015-07-07 15:05:00',NULL,39,42,NULL,NULL,NULL,NULL,NULL,NULL,NULL,NULL);
INSERT INTO __table_metadata_fields VALUES(104,0,'2015-07-07 15:05:00',NULL,39,43,NULL,NULL,NULL,NULL,NULL,NULL,NULL,NULL);
INSERT INTO __table_metadata_fields VALUES(105,0,'2015-07-07 15:05:00',NULL,39,8,NULL,NULL,NULL,NULL,NULL,NULL,NULL,NULL);
INSERT INTO __table_metadata_fields VALUES(106,0,'2015-07-08 09:25:56',NULL,5,8,NULL,NULL,NULL,NULL,NULL,NULL,NULL,NULL);
INSERT INTO __table_metadata_fields VALUES(107,0,'2015-07-08 09:25:56',NULL,6,8,NULL,NULL,NULL,NULL,NULL,NULL,NULL,NULL);
INSERT INTO __table_metadata_fields VALUES(108,0,'2015-07-08 09:25:56',NULL,7,8,NULL,NULL,NULL,NULL,NULL,NULL,NULL,NULL);
INSERT INTO __table_metadata_fields VALUES(109,0,'2015-07-08 09:25:56',NULL,8,8,NULL,NULL,NULL,NULL,NULL,NULL,NULL,NULL);
INSERT INTO __table_metadata_fields VALUES(110,0,'2015-07-08 09:25:56',NULL,22,8,NULL,NULL,NULL,NULL,NULL,NULL,NULL,NULL);
INSERT INTO __table_metadata_fields VALUES(111,0,'2015-07-08 10:13:44',NULL,30,61,NULL,NULL,NULL,NULL,NULL,NULL,NULL,NULL);
INSERT INTO __table_metadata_fields VALUES(112,0,'2015-07-08 10:13:44',NULL,30,64,NULL,NULL,NULL,NULL,NULL,NULL,NULL,NULL);
INSERT INTO __table_metadata_fields VALUES(113,0,'2015-07-08 10:13:44',NULL,30,65,NULL,NULL,NULL,NULL,NULL,NULL,NULL,NULL);
INSERT INTO __table_metadata_fields VALUES(114,0,'2015-07-08 10:13:44',NULL,10,1,NULL,NULL,NULL,NULL,NULL,NULL,NULL,NULL);
INSERT INTO __table_metadata_fields VALUES(115,0,'2015-07-08 10:13:44',NULL,10,5,NULL,NULL,NULL,NULL,NULL,NULL,NULL,NULL);
INSERT INTO __table_metadata_fields VALUES(116,0,'2015-07-08 10:13:44',NULL,10,8,NULL,NULL,NULL,NULL,NULL,NULL,NULL,NULL);
INSERT INTO __table_metadata_fields VALUES(117,0,'2015-07-08 10:13:44',NULL,38,61,NULL,NULL,NULL,NULL,NULL,NULL,NULL,NULL);
INSERT INTO __table_metadata_fields VALUES(118,0,'2015-07-08 10:13:44',NULL,38,69,NULL,NULL,NULL,NULL,NULL,NULL,NULL,NULL);
INSERT INTO __table_metadata_fields VALUES(119,0,'2015-07-08 10:13:44',NULL,38,65,NULL,NULL,NULL,NULL,NULL,NULL,NULL,NULL);
INSERT INTO __table_metadata_fields VALUES(120,0,'2015-07-08 10:13:44',NULL,37,1,NULL,NULL,NULL,NULL,NULL,NULL,NULL,NULL);
INSERT INTO __table_metadata_fields VALUES(121,0,'2015-07-08 10:13:44',NULL,37,5,NULL,NULL,NULL,NULL,NULL,NULL,NULL,NULL);
INSERT INTO __table_metadata_fields VALUES(122,0,'2015-07-08 10:13:44',NULL,37,8,NULL,NULL,NULL,NULL,NULL,NULL,NULL,NULL);
INSERT INTO __table_metadata_fields VALUES(123,0,'2015-07-08 10:13:44',NULL,31,61,NULL,NULL,NULL,NULL,NULL,NULL,NULL,NULL);
INSERT INTO __table_metadata_fields VALUES(124,0,'2015-07-08 10:13:44',NULL,31,69,NULL,NULL,NULL,NULL,NULL,NULL,NULL,NULL);
INSERT INTO __table_metadata_fields VALUES(125,0,'2015-07-08 10:13:44',NULL,31,65,NULL,NULL,NULL,NULL,NULL,NULL,NULL,NULL);
INSERT INTO __table_metadata_fields VALUES(126,0,'2015-07-08 10:13:44',NULL,9,1,NULL,NULL,NULL,NULL,NULL,NULL,NULL,NULL);
INSERT INTO __table_metadata_fields VALUES(127,0,'2015-07-08 10:13:44',NULL,9,5,NULL,NULL,NULL,NULL,NULL,NULL,NULL,NULL);
INSERT INTO __table_metadata_fields VALUES(128,0,'2015-07-08 10:13:44',NULL,9,8,NULL,NULL,NULL,NULL,NULL,NULL,NULL,NULL);
INSERT INTO __table_metadata_fields VALUES(129,0,'2015-07-08 10:13:44',NULL,32,61,NULL,NULL,NULL,NULL,NULL,NULL,NULL,NULL);
INSERT INTO __table_metadata_fields VALUES(130,0,'2015-07-08 10:13:44',NULL,32,69,NULL,NULL,NULL,NULL,NULL,NULL,NULL,NULL);
INSERT INTO __table_metadata_fields VALUES(131,0,'2015-07-08 10:13:44',NULL,32,70,NULL,NULL,NULL,NULL,NULL,NULL,NULL,NULL);
INSERT INTO __table_metadata_fields VALUES(132,0,'2015-07-08 10:13:44',NULL,32,65,NULL,NULL,NULL,NULL,NULL,NULL,NULL,NULL);
INSERT INTO __table_metadata_fields VALUES(133,0,'2015-07-08 10:13:44',NULL,11,1,NULL,NULL,NULL,NULL,NULL,NULL,NULL,NULL);
INSERT INTO __table_metadata_fields VALUES(134,0,'2015-07-08 10:13:44',NULL,11,5,NULL,NULL,NULL,NULL,NULL,NULL,NULL,NULL);
INSERT INTO __table_metadata_fields VALUES(135,0,'2015-07-08 10:13:44',NULL,11,68,NULL,NULL,NULL,NULL,NULL,NULL,NULL,NULL);
INSERT INTO __table_metadata_fields VALUES(136,0,'2015-07-08 10:13:44',NULL,11,8,NULL,NULL,NULL,NULL,NULL,NULL,NULL,NULL);
INSERT INTO __table_metadata_fields VALUES(137,0,'2015-07-08 10:13:44',NULL,14,1,NULL,NULL,NULL,NULL,NULL,NULL,NULL,NULL);
INSERT INTO __table_metadata_fields VALUES(138,0,'2015-07-08 10:13:44',NULL,14,2,NULL,NULL,NULL,NULL,NULL,NULL,NULL,NULL);
INSERT INTO __table_metadata_fields VALUES(139,0,'2015-07-08 10:13:44',NULL,14,3,NULL,NULL,NULL,NULL,NULL,NULL,NULL,NULL);
INSERT INTO __table_metadata_fields VALUES(140,0,'2015-07-08 10:13:44',NULL,14,4,NULL,NULL,NULL,NULL,NULL,NULL,NULL,NULL);
INSERT INTO __table_metadata_fields VALUES(141,0,'2015-07-08 10:13:44',NULL,14,9,NULL,NULL,NULL,NULL,NULL,NULL,NULL,NULL);
INSERT INTO __table_metadata_fields VALUES(142,0,'2015-07-08 10:13:44',NULL,14,5,NULL,NULL,NULL,NULL,NULL,NULL,NULL,NULL);
INSERT INTO __table_metadata_fields VALUES(143,0,'2015-07-08 10:13:44',NULL,14,12,NULL,NULL,NULL,NULL,NULL,NULL,NULL,NULL);
INSERT INTO __table_metadata_fields VALUES(144,0,'2015-07-08 10:13:44',NULL,14,40,NULL,NULL,NULL,NULL,NULL,NULL,NULL,NULL);
INSERT INTO __table_metadata_fields VALUES(145,0,'2015-07-08 10:13:44',NULL,14,13,NULL,NULL,NULL,NULL,NULL,NULL,NULL,NULL);
INSERT INTO __table_metadata_fields VALUES(146,0,'2015-07-08 10:13:44',NULL,14,14,NULL,NULL,NULL,NULL,NULL,NULL,NULL,NULL);
INSERT INTO __table_metadata_fields VALUES(147,0,'2015-07-08 10:13:44',NULL,14,11,NULL,NULL,NULL,NULL,NULL,NULL,NULL,NULL);
INSERT INTO __table_metadata_fields VALUES(148,0,'2015-07-08 10:13:44',NULL,14,7,NULL,NULL,NULL,NULL,NULL,NULL,NULL,NULL);
INSERT INTO __table_metadata_fields VALUES(149,0,'2015-07-08 10:13:44',NULL,14,15,NULL,NULL,NULL,NULL,NULL,NULL,NULL,NULL);
INSERT INTO __table_metadata_fields VALUES(150,0,'2015-07-08 10:13:44',NULL,14,16,NULL,NULL,NULL,NULL,NULL,NULL,NULL,NULL);
INSERT INTO __table_metadata_fields VALUES(151,0,'2015-07-08 10:13:44',NULL,14,8,NULL,NULL,NULL,NULL,NULL,NULL,NULL,NULL);
INSERT INTO __table_metadata_fields VALUES(152,0,'2015-07-08 10:13:44',NULL,14,17,NULL,NULL,NULL,NULL,NULL,NULL,NULL,NULL);
INSERT INTO __table_metadata_fields VALUES(153,0,'2015-07-08 10:13:44',NULL,14,18,NULL,NULL,NULL,NULL,NULL,NULL,NULL,NULL);
INSERT INTO __table_metadata_fields VALUES(154,0,'2015-07-08 10:13:44',NULL,14,19,NULL,NULL,NULL,NULL,NULL,NULL,NULL,NULL);
INSERT INTO __table_metadata_fields VALUES(155,0,'2015-07-08 10:13:44',NULL,14,20,NULL,NULL,NULL,NULL,NULL,NULL,NULL,NULL);
INSERT INTO __table_metadata_fields VALUES(156,0,'2015-07-08 10:13:44',NULL,14,21,NULL,NULL,NULL,NULL,NULL,NULL,NULL,NULL);
INSERT INTO __table_metadata_fields VALUES(157,0,'2015-07-08 10:13:44',NULL,14,46,NULL,NULL,NULL,NULL,NULL,NULL,NULL,NULL);
INSERT INTO __table_metadata_fields VALUES(158,0,'2015-07-08 10:13:44',NULL,14,47,NULL,NULL,NULL,NULL,NULL,NULL,NULL,NULL);
INSERT INTO __table_metadata_fields VALUES(159,0,'2015-07-08 10:13:44',NULL,14,48,NULL,NULL,NULL,NULL,NULL,NULL,NULL,NULL);
INSERT INTO __table_metadata_fields VALUES(163,0,'2015-07-08 10:13:44',NULL,26,1,NULL,NULL,NULL,NULL,NULL,NULL,NULL,NULL);
INSERT INTO __table_metadata_fields VALUES(164,0,'2015-07-08 10:13:44',NULL,26,44,NULL,NULL,NULL,NULL,NULL,NULL,NULL,NULL);
INSERT INTO __table_metadata_fields VALUES(165,0,'2015-07-08 10:13:44',NULL,26,45,NULL,NULL,NULL,NULL,NULL,NULL,NULL,NULL);
INSERT INTO __table_metadata_fields VALUES(166,0,'2015-07-08 10:13:44',NULL,26,28,NULL,NULL,NULL,NULL,NULL,NULL,NULL,NULL);
INSERT INTO __table_metadata_fields VALUES(167,0,'2015-07-08 10:13:44',NULL,26,29,NULL,NULL,NULL,NULL,NULL,NULL,NULL,NULL);
INSERT INTO __table_metadata_fields VALUES(168,0,'2015-07-08 10:13:44',NULL,17,1,NULL,NULL,NULL,NULL,NULL,NULL,NULL,NULL);
INSERT INTO __table_metadata_fields VALUES(169,0,'2015-07-08 10:13:44',NULL,17,2,NULL,NULL,NULL,NULL,NULL,NULL,NULL,NULL);
INSERT INTO __table_metadata_fields VALUES(170,0,'2015-07-08 10:13:44',NULL,17,3,NULL,NULL,NULL,NULL,NULL,NULL,NULL,NULL);
INSERT INTO __table_metadata_fields VALUES(171,0,'2015-07-08 10:13:44',NULL,17,4,NULL,NULL,NULL,NULL,NULL,NULL,NULL,NULL);
INSERT INTO __table_metadata_fields VALUES(172,0,'2015-07-08 10:13:44',NULL,17,28,NULL,NULL,NULL,NULL,NULL,NULL,NULL,NULL);
INSERT INTO __table_metadata_fields VALUES(173,0,'2015-07-08 10:13:44',NULL,17,29,NULL,NULL,NULL,NULL,NULL,NULL,NULL,NULL);
INSERT INTO __table_metadata_fields VALUES(174,0,'2015-07-08 10:13:44',NULL,17,8,NULL,NULL,NULL,NULL,NULL,NULL,NULL,NULL);
INSERT INTO __table_metadata_fields VALUES(175,0,'2015-07-08 10:13:44',NULL,17,44,NULL,NULL,NULL,NULL,NULL,NULL,NULL,NULL);
INSERT INTO __table_metadata_fields VALUES(176,0,'2015-07-08 10:13:44',NULL,17,45,NULL,NULL,NULL,NULL,NULL,NULL,NULL,NULL);
INSERT INTO __table_metadata_fields VALUES(177,0,'2015-07-08 10:13:44',NULL,34,61,NULL,NULL,NULL,NULL,NULL,NULL,NULL,NULL);
INSERT INTO __table_metadata_fields VALUES(178,0,'2015-07-08 10:13:44',NULL,34,52,NULL,NULL,NULL,NULL,NULL,NULL,NULL,NULL);
INSERT INTO __table_metadata_fields VALUES(179,0,'2015-07-08 10:13:44',NULL,34,53,NULL,NULL,NULL,NULL,NULL,NULL,NULL,NULL);
INSERT INTO __table_metadata_fields VALUES(180,0,'2015-07-08 10:13:44',NULL,25,1,NULL,NULL,NULL,NULL,NULL,NULL,NULL,NULL);
INSERT INTO __table_metadata_fields VALUES(181,0,'2015-07-08 10:13:44',NULL,25,44,NULL,NULL,NULL,NULL,NULL,NULL,NULL,NULL);
INSERT INTO __table_metadata_fields VALUES(182,0,'2015-07-08 10:13:44',NULL,25,45,NULL,NULL,NULL,NULL,NULL,NULL,NULL,NULL);
INSERT INTO __table_metadata_fields VALUES(183,0,'2015-07-08 10:13:44',NULL,25,54,NULL,NULL,NULL,NULL,NULL,NULL,NULL,NULL);
INSERT INTO __table_metadata_fields VALUES(184,0,'2015-07-08 10:13:44',NULL,25,55,NULL,NULL,NULL,NULL,NULL,NULL,NULL,NULL);
INSERT INTO __table_metadata_fields VALUES(185,0,'2015-07-08 10:13:44',NULL,25,56,NULL,NULL,NULL,NULL,NULL,NULL,NULL,NULL);
INSERT INTO __table_metadata_fields VALUES(186,0,'2015-07-08 10:13:44',NULL,25,57,NULL,NULL,NULL,NULL,NULL,NULL,NULL,NULL);
INSERT INTO __table_metadata_fields VALUES(187,0,'2015-07-08 10:13:44',NULL,25,58,NULL,NULL,NULL,NULL,NULL,NULL,NULL,NULL);
INSERT INTO __table_metadata_fields VALUES(188,0,'2015-07-08 10:13:44',NULL,25,59,NULL,NULL,NULL,NULL,NULL,NULL,NULL,NULL);
INSERT INTO __table_metadata_fields VALUES(189,0,'2015-07-08 10:13:44',NULL,25,60,NULL,NULL,NULL,NULL,NULL,NULL,NULL,NULL);
INSERT INTO __table_metadata_fields VALUES(190,0,'2015-07-08 10:13:44',NULL,25,28,NULL,NULL,NULL,NULL,NULL,NULL,NULL,NULL);
INSERT INTO __table_metadata_fields VALUES(191,0,'2015-07-08 10:13:44',NULL,25,29,NULL,NULL,NULL,NULL,NULL,NULL,NULL,NULL);
INSERT INTO __table_metadata_fields VALUES(192,0,'2015-07-08 10:13:44',NULL,19,1,NULL,NULL,NULL,NULL,NULL,NULL,NULL,NULL);
INSERT INTO __table_metadata_fields VALUES(196,0,'2015-07-08 10:13:44',NULL,19,28,NULL,NULL,NULL,NULL,NULL,NULL,NULL,NULL);
INSERT INTO __table_metadata_fields VALUES(197,0,'2015-07-08 10:13:44',NULL,19,29,NULL,NULL,NULL,NULL,NULL,NULL,NULL,NULL);
INSERT INTO __table_metadata_fields VALUES(198,0,'2015-07-08 10:13:44',NULL,19,32,NULL,NULL,NULL,NULL,NULL,NULL,NULL,NULL);
INSERT INTO __table_metadata_fields VALUES(199,0,'2015-07-08 10:13:44',NULL,19,33,NULL,NULL,NULL,NULL,NULL,NULL,NULL,NULL);
INSERT INTO __table_metadata_fields VALUES(200,0,'2015-07-08 10:13:44',NULL,19,35,NULL,NULL,NULL,NULL,NULL,NULL,NULL,NULL);
INSERT INTO __table_metadata_fields VALUES(201,0,'2015-07-08 10:13:44',NULL,19,36,NULL,NULL,NULL,NULL,NULL,NULL,NULL,NULL);
INSERT INTO __table_metadata_fields VALUES(202,0,'2015-07-08 10:13:44',NULL,19,38,NULL,NULL,NULL,NULL,NULL,NULL,NULL,NULL);
INSERT INTO __table_metadata_fields VALUES(203,0,'2015-07-08 10:13:44',NULL,19,39,NULL,NULL,NULL,NULL,NULL,NULL,NULL,NULL);
INSERT INTO __table_metadata_fields VALUES(204,0,'2015-07-08 10:13:44',NULL,19,34,NULL,NULL,NULL,NULL,NULL,NULL,NULL,NULL);
INSERT INTO __table_metadata_fields VALUES(206,0,'2015-07-08 10:13:44',NULL,19,44,NULL,NULL,NULL,NULL,NULL,NULL,NULL,NULL);
INSERT INTO __table_metadata_fields VALUES(207,0,'2015-07-08 10:13:44',NULL,19,45,NULL,NULL,NULL,NULL,NULL,NULL,NULL,NULL);
INSERT INTO __table_metadata_fields VALUES(208,0,'2015-07-08 10:13:44',NULL,19,54,NULL,NULL,NULL,NULL,NULL,NULL,NULL,NULL);
INSERT INTO __table_metadata_fields VALUES(209,0,'2015-07-08 10:13:44',NULL,19,55,NULL,NULL,NULL,NULL,NULL,NULL,NULL,NULL);
INSERT INTO __table_metadata_fields VALUES(210,0,'2015-07-08 10:13:44',NULL,19,56,NULL,NULL,NULL,NULL,NULL,NULL,NULL,NULL);
INSERT INTO __table_metadata_fields VALUES(211,0,'2015-07-08 10:13:44',NULL,19,57,NULL,NULL,NULL,NULL,NULL,NULL,NULL,NULL);
INSERT INTO __table_metadata_fields VALUES(212,0,'2015-07-08 10:13:44',NULL,19,58,NULL,NULL,NULL,NULL,NULL,NULL,NULL,NULL);
INSERT INTO __table_metadata_fields VALUES(213,0,'2015-07-08 10:13:44',NULL,19,59,NULL,NULL,NULL,NULL,NULL,NULL,NULL,NULL);
INSERT INTO __table_metadata_fields VALUES(214,0,'2015-07-08 10:13:44',NULL,19,60,NULL,NULL,NULL,NULL,NULL,NULL,NULL,NULL);
INSERT INTO __table_metadata_fields VALUES(215,0,'2015-07-08 10:13:44',NULL,21,51,NULL,NULL,NULL,NULL,NULL,NULL,NULL,NULL);
INSERT INTO __table_metadata_fields VALUES(216,0,'2015-07-08 10:13:44',NULL,21,52,NULL,NULL,NULL,NULL,NULL,NULL,NULL,NULL);
INSERT INTO __table_metadata_fields VALUES(217,0,'2015-07-08 10:13:44',NULL,21,53,NULL,NULL,NULL,NULL,NULL,NULL,NULL,NULL);
INSERT INTO __table_metadata_fields VALUES(218,0,'2015-07-08 10:13:44',NULL,13,1,NULL,NULL,NULL,NULL,NULL,NULL,NULL,NULL);
INSERT INTO __table_metadata_fields VALUES(219,0,'2015-07-08 10:13:44',NULL,13,44,NULL,NULL,NULL,NULL,NULL,NULL,NULL,NULL);
INSERT INTO __table_metadata_fields VALUES(220,0,'2015-07-08 10:13:44',NULL,13,45,NULL,NULL,NULL,NULL,NULL,NULL,NULL,NULL);
INSERT INTO __table_metadata_fields VALUES(221,0,'2015-07-08 10:13:44',NULL,13,28,NULL,NULL,NULL,NULL,NULL,NULL,NULL,NULL);
INSERT INTO __table_metadata_fields VALUES(222,0,'2015-07-08 10:13:44',NULL,13,29,NULL,NULL,NULL,NULL,NULL,NULL,NULL,NULL);
INSERT INTO __table_metadata_fields VALUES(223,0,'2015-07-08 10:13:44',NULL,16,1,NULL,NULL,NULL,NULL,NULL,NULL,NULL,NULL);
INSERT INTO __table_metadata_fields VALUES(224,0,'2015-07-08 10:13:44',NULL,16,2,NULL,NULL,NULL,NULL,NULL,NULL,NULL,NULL);
INSERT INTO __table_metadata_fields VALUES(225,0,'2015-07-08 10:13:44',NULL,16,3,NULL,NULL,NULL,NULL,NULL,NULL,NULL,NULL);
INSERT INTO __table_metadata_fields VALUES(226,0,'2015-07-08 10:13:44',NULL,16,4,NULL,NULL,NULL,NULL,NULL,NULL,NULL,NULL);
INSERT INTO __table_metadata_fields VALUES(227,0,'2015-07-08 10:13:44',NULL,16,28,NULL,NULL,NULL,NULL,NULL,NULL,NULL,NULL);
INSERT INTO __table_metadata_fields VALUES(228,0,'2015-07-08 10:13:44',NULL,16,29,NULL,NULL,NULL,NULL,NULL,NULL,NULL,NULL);
INSERT INTO __table_metadata_fields VALUES(229,0,'2015-07-08 10:13:44',NULL,16,8,NULL,NULL,NULL,NULL,NULL,NULL,NULL,NULL);
INSERT INTO __table_metadata_fields VALUES(230,0,'2015-07-08 10:13:44',NULL,16,44,NULL,NULL,NULL,NULL,NULL,NULL,NULL,NULL);
INSERT INTO __table_metadata_fields VALUES(231,0,'2015-07-08 10:13:44',NULL,16,45,NULL,NULL,NULL,NULL,NULL,NULL,NULL,NULL);
INSERT INTO __table_metadata_fields VALUES(232,0,'2015-07-08 10:13:44',NULL,35,61,NULL,NULL,NULL,NULL,NULL,NULL,NULL,NULL);
INSERT INTO __table_metadata_fields VALUES(233,0,'2015-07-08 10:13:44',NULL,35,52,NULL,NULL,NULL,NULL,NULL,NULL,NULL,NULL);
INSERT INTO __table_metadata_fields VALUES(234,0,'2015-07-08 10:13:44',NULL,35,75,NULL,NULL,NULL,NULL,NULL,NULL,NULL,NULL);
INSERT INTO __table_metadata_fields VALUES(235,0,'2015-07-08 10:13:44',NULL,27,1,NULL,NULL,NULL,NULL,NULL,NULL,NULL,NULL);
INSERT INTO __table_metadata_fields VALUES(236,0,'2015-07-08 10:13:44',NULL,27,44,NULL,NULL,NULL,NULL,NULL,NULL,NULL,NULL);
INSERT INTO __table_metadata_fields VALUES(237,0,'2015-07-08 10:13:44',NULL,27,73,NULL,NULL,NULL,NULL,NULL,NULL,NULL,NULL);
INSERT INTO __table_metadata_fields VALUES(238,0,'2015-07-08 10:13:44',NULL,27,74,NULL,NULL,NULL,NULL,NULL,NULL,NULL,NULL);
INSERT INTO __table_metadata_fields VALUES(239,0,'2015-07-08 10:13:44',NULL,27,28,NULL,NULL,NULL,NULL,NULL,NULL,NULL,NULL);
INSERT INTO __table_metadata_fields VALUES(240,0,'2015-07-08 10:13:44',NULL,23,1,NULL,NULL,NULL,NULL,NULL,NULL,NULL,NULL);
INSERT INTO __table_metadata_fields VALUES(241,0,'2015-07-08 10:13:44',NULL,23,2,NULL,NULL,NULL,NULL,NULL,NULL,NULL,NULL);
INSERT INTO __table_metadata_fields VALUES(242,0,'2015-07-08 10:13:44',NULL,23,3,NULL,NULL,NULL,NULL,NULL,NULL,NULL,NULL);
INSERT INTO __table_metadata_fields VALUES(243,0,'2015-07-08 10:13:44',NULL,23,4,NULL,NULL,NULL,NULL,NULL,NULL,NULL,NULL);
INSERT INTO __table_metadata_fields VALUES(244,0,'2015-07-08 10:13:44',NULL,23,28,NULL,NULL,NULL,NULL,NULL,NULL,NULL,NULL);
INSERT INTO __table_metadata_fields VALUES(245,0,'2015-07-08 10:13:44',NULL,23,30,NULL,NULL,NULL,NULL,NULL,NULL,NULL,NULL);
INSERT INTO __table_metadata_fields VALUES(246,0,'2015-07-08 10:13:44',NULL,23,31,NULL,NULL,NULL,NULL,NULL,NULL,NULL,NULL);
INSERT INTO __table_metadata_fields VALUES(247,0,'2015-07-08 10:13:44',NULL,23,8,NULL,NULL,NULL,NULL,NULL,NULL,NULL,NULL);
INSERT INTO __table_metadata_fields VALUES(248,0,'2015-07-08 10:13:44',NULL,23,44,NULL,NULL,NULL,NULL,NULL,NULL,NULL,NULL);
INSERT INTO __table_metadata_fields VALUES(249,0,'2015-07-08 10:13:44',NULL,23,73,NULL,NULL,NULL,NULL,NULL,NULL,NULL,NULL);
INSERT INTO __table_metadata_fields VALUES(250,0,'2015-07-08 10:13:44',NULL,23,74,NULL,NULL,NULL,NULL,NULL,NULL,NULL,NULL);
INSERT INTO __table_metadata_fields VALUES(251,0,'2015-07-08 10:13:44',NULL,28,61,NULL,NULL,NULL,NULL,NULL,NULL,NULL,NULL);
INSERT INTO __table_metadata_fields VALUES(252,0,'2015-07-08 10:13:44',NULL,28,62,NULL,NULL,NULL,NULL,NULL,NULL,NULL,NULL);
INSERT INTO __table_metadata_fields VALUES(253,0,'2015-07-08 10:13:44',NULL,28,63,NULL,NULL,NULL,NULL,NULL,NULL,NULL,NULL);
INSERT INTO __table_metadata_fields VALUES(254,0,'2015-07-08 10:13:44',NULL,24,1,NULL,NULL,NULL,NULL,NULL,NULL,NULL,NULL);
INSERT INTO __table_metadata_fields VALUES(255,0,'2015-07-08 10:13:44',NULL,24,44,NULL,NULL,NULL,NULL,NULL,NULL,NULL,NULL);
INSERT INTO __table_metadata_fields VALUES(256,0,'2015-07-08 10:13:44',NULL,24,45,NULL,NULL,NULL,NULL,NULL,NULL,NULL,NULL);
INSERT INTO __table_metadata_fields VALUES(257,0,'2015-07-08 10:13:44',NULL,24,28,NULL,NULL,NULL,NULL,NULL,NULL,NULL,NULL);
INSERT INTO __table_metadata_fields VALUES(258,0,'2015-07-08 10:13:44',NULL,24,29,NULL,NULL,NULL,NULL,NULL,NULL,NULL,NULL);
INSERT INTO __table_metadata_fields VALUES(259,0,'2015-07-08 10:13:44',NULL,18,1,NULL,NULL,NULL,NULL,NULL,NULL,NULL,NULL);
INSERT INTO __table_metadata_fields VALUES(260,0,'2015-07-08 10:13:44',NULL,18,2,NULL,NULL,NULL,NULL,NULL,NULL,NULL,NULL);
INSERT INTO __table_metadata_fields VALUES(261,0,'2015-07-08 10:13:44',NULL,18,3,NULL,NULL,NULL,NULL,NULL,NULL,NULL,NULL);
INSERT INTO __table_metadata_fields VALUES(262,0,'2015-07-08 10:13:44',NULL,18,4,NULL,NULL,NULL,NULL,NULL,NULL,NULL,NULL);
INSERT INTO __table_metadata_fields VALUES(263,0,'2015-07-08 10:13:44',NULL,18,28,NULL,NULL,NULL,NULL,NULL,NULL,NULL,NULL);
INSERT INTO __table_metadata_fields VALUES(264,0,'2015-07-08 10:13:44',NULL,18,29,NULL,NULL,NULL,NULL,NULL,NULL,NULL,NULL);
INSERT INTO __table_metadata_fields VALUES(265,0,'2015-07-08 10:13:44',NULL,18,8,NULL,NULL,NULL,NULL,NULL,NULL,NULL,NULL);
INSERT INTO __table_metadata_fields VALUES(266,0,'2015-07-08 10:13:44',NULL,18,44,NULL,NULL,NULL,NULL,NULL,NULL,NULL,NULL);
INSERT INTO __table_metadata_fields VALUES(267,0,'2015-07-08 10:13:44',NULL,18,45,NULL,NULL,NULL,NULL,NULL,NULL,NULL,NULL);
INSERT INTO __table_metadata_fields VALUES(268,0,'2015-07-08 10:13:44',NULL,29,61,NULL,NULL,NULL,NULL,NULL,NULL,NULL,NULL);
INSERT INTO __table_metadata_fields VALUES(269,0,'2015-07-08 10:13:44',NULL,29,66,NULL,NULL,NULL,NULL,NULL,NULL,NULL,NULL);
INSERT INTO __table_metadata_fields VALUES(270,0,'2015-07-08 10:13:44',NULL,29,67,NULL,NULL,NULL,NULL,NULL,NULL,NULL,NULL);
INSERT INTO __table_metadata_fields VALUES(271,0,'2015-07-08 10:13:44',NULL,12,1,NULL,NULL,NULL,NULL,NULL,NULL,NULL,NULL);
INSERT INTO __table_metadata_fields VALUES(272,0,'2015-07-08 10:13:44',NULL,12,5,NULL,NULL,NULL,NULL,NULL,NULL,NULL,NULL);
INSERT INTO __table_metadata_fields VALUES(273,0,'2015-07-08 10:13:44',NULL,12,22,NULL,NULL,NULL,NULL,NULL,NULL,NULL,NULL);
INSERT INTO __table_metadata_fields VALUES(274,0,'2015-07-08 10:13:44',NULL,15,1,NULL,NULL,NULL,NULL,NULL,NULL,NULL,NULL);
INSERT INTO __table_metadata_fields VALUES(275,0,'2015-07-08 10:13:44',NULL,15,2,NULL,NULL,NULL,NULL,NULL,NULL,NULL,NULL);
INSERT INTO __table_metadata_fields VALUES(276,0,'2015-07-08 10:13:44',NULL,15,3,NULL,NULL,NULL,NULL,NULL,NULL,NULL,NULL);
INSERT INTO __table_metadata_fields VALUES(277,0,'2015-07-08 10:13:44',NULL,15,4,NULL,NULL,NULL,NULL,NULL,NULL,NULL,NULL);
INSERT INTO __table_metadata_fields VALUES(278,0,'2015-07-08 10:13:44',NULL,15,9,NULL,NULL,NULL,NULL,NULL,NULL,NULL,NULL);
INSERT INTO __table_metadata_fields VALUES(279,0,'2015-07-08 10:13:44',NULL,15,5,NULL,NULL,NULL,NULL,NULL,NULL,NULL,NULL);
INSERT INTO __table_metadata_fields VALUES(280,0,'2015-07-08 10:13:44',NULL,15,7,NULL,NULL,NULL,NULL,NULL,NULL,NULL,NULL);
INSERT INTO __table_metadata_fields VALUES(281,0,'2015-07-08 10:13:44',NULL,15,16,NULL,NULL,NULL,NULL,NULL,NULL,NULL,NULL);
INSERT INTO __table_metadata_fields VALUES(282,0,'2015-07-08 10:13:44',NULL,15,8,NULL,NULL,NULL,NULL,NULL,NULL,NULL,NULL);
INSERT INTO __table_metadata_fields VALUES(283,0,'2015-07-08 10:13:44',NULL,15,22,NULL,NULL,NULL,NULL,NULL,NULL,NULL,NULL);
INSERT INTO __table_metadata_fields VALUES(284,0,'2015-07-08 10:13:44',NULL,15,18,NULL,NULL,NULL,NULL,NULL,NULL,NULL,NULL);
INSERT INTO __table_metadata_fields VALUES(285,0,'2015-07-08 10:13:44',NULL,15,20,NULL,NULL,NULL,NULL,NULL,NULL,NULL,NULL);
INSERT INTO __table_metadata_fields VALUES(286,0,'2015-07-08 10:13:44',NULL,15,21,NULL,NULL,NULL,NULL,NULL,NULL,NULL,NULL);
INSERT INTO __table_metadata_fields VALUES(287,0,'2015-07-08 10:13:44',NULL,15,23,NULL,NULL,NULL,NULL,NULL,NULL,NULL,NULL);
INSERT INTO __table_metadata_fields VALUES(288,0,'2015-07-08 10:13:44',NULL,15,24,NULL,NULL,NULL,NULL,NULL,NULL,NULL,NULL);
INSERT INTO __table_metadata_fields VALUES(289,0,'2015-07-08 10:13:44',NULL,15,25,NULL,NULL,NULL,NULL,NULL,NULL,NULL,NULL);
INSERT INTO __table_metadata_fields VALUES(290,0,'2015-07-08 10:13:44',NULL,15,26,NULL,NULL,NULL,NULL,NULL,NULL,NULL,NULL);
INSERT INTO __table_metadata_fields VALUES(291,0,'2015-07-08 10:13:44',NULL,15,27,NULL,NULL,NULL,NULL,NULL,NULL,NULL,NULL);
INSERT INTO __table_metadata_fields VALUES(292,0,'2015-07-08 10:13:44',NULL,15,37,NULL,NULL,NULL,NULL,NULL,NULL,NULL,NULL);
INSERT INTO __table_metadata_fields VALUES(293,0,'2015-07-08 10:13:44',NULL,15,46,NULL,NULL,NULL,NULL,NULL,NULL,NULL,NULL);
INSERT INTO __table_metadata_fields VALUES(294,0,'2015-07-08 10:13:44',NULL,15,48,NULL,NULL,NULL,NULL,NULL,NULL,NULL,NULL);
INSERT INTO __table_metadata_fields VALUES(295,0,'2015-07-08 10:13:44',NULL,15,49,NULL,NULL,NULL,NULL,NULL,NULL,NULL,NULL);
INSERT INTO __table_metadata_fields VALUES(296,0,'2015-07-08 10:13:44',NULL,15,50,NULL,NULL,NULL,NULL,NULL,NULL,NULL,NULL);
INSERT INTO __table_metadata_fields VALUES(297,0,'2015-07-08 10:13:44',NULL,41,61,NULL,NULL,NULL,NULL,NULL,NULL,NULL,NULL);
INSERT INTO __table_metadata_fields VALUES(298,0,'2015-07-08 10:13:44',NULL,41,71,NULL,NULL,NULL,NULL,NULL,NULL,NULL,NULL);
INSERT INTO __table_metadata_fields VALUES(299,0,'2015-07-08 10:13:44',NULL,41,72,NULL,NULL,NULL,NULL,NULL,NULL,NULL,NULL);
INSERT INTO __table_metadata_fields VALUES(300,0,'2015-07-08 10:13:44',NULL,41,65,NULL,NULL,NULL,NULL,NULL,NULL,NULL,NULL);
INSERT INTO __table_metadata_fields VALUES(301,0,'2015-07-08 10:13:44',NULL,42,1,NULL,NULL,NULL,NULL,NULL,NULL,NULL,NULL);
INSERT INTO __table_metadata_fields VALUES(302,0,'2015-07-08 10:13:44',NULL,42,41,NULL,NULL,NULL,NULL,NULL,NULL,NULL,NULL);
INSERT INTO __table_metadata_fields VALUES(303,0,'2015-07-08 10:13:44',NULL,42,43,NULL,NULL,NULL,NULL,NULL,NULL,NULL,NULL);
INSERT INTO __table_metadata_fields VALUES(304,0,'2015-07-08 10:13:44',NULL,42,8,NULL,NULL,NULL,NULL,NULL,NULL,NULL,NULL);
INSERT INTO __table_metadata_fields VALUES(305,0,'2015-07-12 22:44:03',NULL,5,76,NULL,NULL,NULL,NULL,NULL,NULL,NULL,NULL);
INSERT INTO __table_metadata_fields VALUES(306,0,'2015-07-12 22:44:03',NULL,5,17,NULL,NULL,NULL,NULL,NULL,NULL,NULL,NULL);
INSERT INTO __table_metadata_fields VALUES(307,0,'2015-07-12 22:44:03',NULL,5,77,NULL,NULL,NULL,NULL,NULL,NULL,NULL,NULL);
INSERT INTO __table_metadata_fields VALUES(308,0,'2015-07-12 22:44:03',NULL,5,78,NULL,NULL,NULL,NULL,NULL,NULL,NULL,NULL);
INSERT INTO __table_metadata_fields VALUES(309,0,'2015-07-12 22:44:03',NULL,16,76,NULL,NULL,NULL,NULL,NULL,NULL,NULL,NULL);
INSERT INTO __table_metadata_fields VALUES(310,0,'2015-07-12 22:44:03',NULL,16,17,NULL,NULL,NULL,NULL,NULL,NULL,NULL,NULL);
INSERT INTO __table_metadata_fields VALUES(311,0,'2015-07-12 22:44:03',NULL,16,77,NULL,NULL,NULL,NULL,NULL,NULL,NULL,NULL);
INSERT INTO __table_metadata_fields VALUES(312,0,'2015-07-12 22:44:03',NULL,16,78,NULL,NULL,NULL,NULL,NULL,NULL,NULL,NULL);
INSERT INTO __table_metadata_fields VALUES(313,0,'2015-07-13 08:56:15',NULL,7,79,NULL,NULL,NULL,NULL,NULL,NULL,NULL,NULL);
INSERT INTO __table_metadata_fields VALUES(314,0,'2015-07-13 08:56:15',NULL,18,79,NULL,NULL,NULL,NULL,NULL,NULL,NULL,NULL);
INSERT INTO __table_metadata_fields VALUES(315,0,'2015-07-23 10:07:26',NULL,43,1,NULL,NULL,NULL,NULL,NULL,NULL,NULL,NULL);
INSERT INTO __table_metadata_fields VALUES(316,0,'2015-07-23 10:07:26',NULL,43,2,NULL,NULL,NULL,NULL,NULL,NULL,NULL,NULL);
INSERT INTO __table_metadata_fields VALUES(317,0,'2015-07-23 10:07:26',NULL,43,3,NULL,NULL,NULL,NULL,NULL,NULL,NULL,NULL);
INSERT INTO __table_metadata_fields VALUES(318,0,'2015-07-23 10:07:26',NULL,43,4,NULL,NULL,NULL,NULL,NULL,NULL,NULL,NULL);
INSERT INTO __table_metadata_fields VALUES(319,0,'2015-07-23 10:07:26',NULL,43,28,NULL,NULL,NULL,NULL,NULL,NULL,NULL,NULL);
INSERT INTO __table_metadata_fields VALUES(320,0,'2015-07-23 10:07:26',NULL,43,29,NULL,NULL,NULL,NULL,NULL,NULL,NULL,NULL);
INSERT INTO __table_metadata_fields VALUES(321,0,'2015-07-23 10:07:26',NULL,43,76,NULL,NULL,NULL,NULL,NULL,NULL,NULL,NULL);
INSERT INTO __table_metadata_fields VALUES(322,0,'2015-07-23 10:07:26',NULL,43,17,NULL,NULL,NULL,NULL,NULL,NULL,NULL,NULL);
INSERT INTO __table_metadata_fields VALUES(323,0,'2015-07-23 10:07:26',NULL,43,77,NULL,NULL,NULL,NULL,NULL,NULL,NULL,NULL);
INSERT INTO __table_metadata_fields VALUES(324,0,'2015-07-23 10:07:26',NULL,43,78,NULL,NULL,NULL,NULL,NULL,NULL,NULL,NULL);
INSERT INTO __table_metadata_fields VALUES(325,0,'2015-07-23 10:07:26',NULL,43,8,NULL,NULL,NULL,NULL,NULL,NULL,NULL,NULL);
INSERT INTO __table_metadata_fields VALUES(326,0,'2015-07-23 10:07:26',NULL,43,44,NULL,NULL,NULL,NULL,NULL,NULL,NULL,NULL);
INSERT INTO __table_metadata_fields VALUES(327,0,'2015-07-23 10:07:26',NULL,43,45,NULL,NULL,NULL,NULL,NULL,NULL,NULL,NULL);
INSERT INTO __table_metadata_fields VALUES(328,0,'2015-07-23 12:38:16',NULL,22,5,NULL,NULL,NULL,NULL,NULL,NULL,NULL,NULL);
INSERT INTO __table_metadata_fields VALUES(329,0,'2015-07-23 12:38:16',NULL,27,5,NULL,NULL,NULL,NULL,NULL,NULL,NULL,NULL);
INSERT INTO __table_metadata_fields VALUES(330,0,'2015-07-23 12:38:16',NULL,23,5,NULL,NULL,NULL,NULL,NULL,NULL,NULL,NULL);
INSERT INTO __table_metadata_fields VALUES(331,0,'2015-07-24 19:26:37',NULL,5,80,NULL,NULL,NULL,NULL,NULL,NULL,NULL,NULL);
INSERT INTO __table_metadata_fields VALUES(332,0,'2015-07-24 19:26:37',NULL,5,81,NULL,NULL,NULL,NULL,NULL,NULL,NULL,NULL);
INSERT INTO __table_metadata_fields VALUES(333,0,'2015-07-24 19:26:37',NULL,5,82,NULL,NULL,NULL,NULL,NULL,NULL,NULL,NULL);
INSERT INTO __table_metadata_fields VALUES(334,0,'2015-07-24 19:26:37',NULL,16,80,NULL,NULL,NULL,NULL,NULL,NULL,NULL,NULL);
INSERT INTO __table_metadata_fields VALUES(335,0,'2015-07-24 19:26:37',NULL,16,81,NULL,NULL,NULL,NULL,NULL,NULL,NULL,NULL);
INSERT INTO __table_metadata_fields VALUES(336,0,'2015-07-24 19:26:37',NULL,16,82,NULL,NULL,NULL,NULL,NULL,NULL,NULL,NULL);
INSERT INTO __table_metadata_fields VALUES(337,0,'2015-07-24 19:26:37',NULL,43,80,NULL,NULL,NULL,NULL,NULL,NULL,NULL,NULL);
INSERT INTO __table_metadata_fields VALUES(338,0,'2015-07-24 19:26:37',NULL,43,81,NULL,NULL,NULL,NULL,NULL,NULL,NULL,NULL);
INSERT INTO __table_metadata_fields VALUES(339,0,'2015-07-24 19:26:37',NULL,43,82,NULL,NULL,NULL,NULL,NULL,NULL,NULL,NULL);
INSERT INTO __table_metadata_fields VALUES(340,0,'2015-08-24 10:44:19',NULL,44,1,NULL,NULL,NULL,NULL,NULL,NULL,NULL,NULL);
INSERT INTO __table_metadata_fields VALUES(341,0,'2015-08-24 10:44:19',NULL,44,2,NULL,NULL,NULL,NULL,NULL,NULL,NULL,NULL);
INSERT INTO __table_metadata_fields VALUES(342,0,'2015-08-24 10:44:19',NULL,44,3,NULL,NULL,NULL,NULL,NULL,NULL,NULL,NULL);
INSERT INTO __table_metadata_fields VALUES(343,0,'2015-08-24 10:44:19',NULL,44,4,NULL,NULL,NULL,NULL,NULL,NULL,NULL,NULL);
INSERT INTO __table_metadata_fields VALUES(344,0,'2015-08-24 10:44:19',NULL,44,5,NULL,NULL,NULL,NULL,NULL,NULL,NULL,NULL);
INSERT INTO __table_metadata_fields VALUES(345,0,'2015-08-24 10:44:19',NULL,44,8,NULL,NULL,NULL,NULL,NULL,NULL,NULL,NULL);
INSERT INTO __table_metadata_fields VALUES(346,0,'2015-08-24 10:44:19',NULL,44,84,NULL,NULL,NULL,NULL,NULL,NULL,NULL,NULL);
INSERT INTO __table_metadata_fields VALUES(347,0,'2015-08-24 10:44:19',NULL,44,85,NULL,NULL,NULL,NULL,NULL,NULL,NULL,NULL);
INSERT INTO __table_metadata_fields VALUES(348,0,'2015-08-24 10:44:19',NULL,45,1,NULL,NULL,NULL,NULL,NULL,NULL,NULL,NULL);
INSERT INTO __table_metadata_fields VALUES(349,0,'2015-08-24 10:44:19',NULL,45,5,NULL,NULL,NULL,NULL,NULL,NULL,NULL,NULL);
INSERT INTO __table_metadata_fields VALUES(350,0,'2015-08-24 10:44:19',NULL,45,84,NULL,NULL,NULL,NULL,NULL,NULL,NULL,NULL);
INSERT INTO __table_metadata_fields VALUES(351,0,'2015-08-24 10:44:19',NULL,45,8,NULL,NULL,NULL,NULL,NULL,NULL,NULL,NULL);
INSERT INTO __table_metadata_fields VALUES(352,0,'2015-08-24 10:44:19',NULL,46,1,NULL,NULL,NULL,NULL,NULL,NULL,NULL,NULL);
INSERT INTO __table_metadata_fields VALUES(353,0,'2015-08-24 10:44:19',NULL,46,2,NULL,NULL,NULL,NULL,NULL,NULL,NULL,NULL);
INSERT INTO __table_metadata_fields VALUES(354,0,'2015-08-24 10:44:19',NULL,46,3,NULL,NULL,NULL,NULL,NULL,NULL,NULL,NULL);
INSERT INTO __table_metadata_fields VALUES(355,0,'2015-08-24 10:44:19',NULL,46,4,NULL,NULL,NULL,NULL,NULL,NULL,NULL,NULL);
INSERT INTO __table_metadata_fields VALUES(356,0,'2015-08-24 10:44:19',NULL,46,86,NULL,NULL,NULL,NULL,NULL,NULL,NULL,NULL);
INSERT INTO __table_metadata_fields VALUES(357,0,'2015-08-24 10:44:19',NULL,46,87,NULL,NULL,NULL,NULL,NULL,NULL,NULL,NULL);
INSERT INTO __table_metadata_fields VALUES(358,0,'2015-08-24 10:44:19',NULL,46,88,NULL,NULL,NULL,NULL,NULL,NULL,NULL,NULL);
INSERT INTO __table_metadata_fields VALUES(359,0,'2015-08-24 10:44:19',NULL,46,89,NULL,NULL,NULL,NULL,NULL,NULL,NULL,NULL);
INSERT INTO __table_metadata_fields VALUES(360,0,'2015-08-24 10:44:19',NULL,46,7,NULL,NULL,NULL,NULL,NULL,NULL,NULL,NULL);
INSERT INTO __table_metadata_fields VALUES(361,0,'2015-08-24 10:44:19',NULL,46,8,NULL,NULL,NULL,NULL,NULL,NULL,NULL,NULL);
INSERT INTO __table_metadata_fields VALUES(362,0,'2015-08-24 10:44:19',NULL,47,1,NULL,NULL,NULL,NULL,NULL,NULL,NULL,NULL);
INSERT INTO __table_metadata_fields VALUES(363,0,'2015-08-24 10:44:19',NULL,47,90,NULL,NULL,NULL,NULL,NULL,NULL,NULL,NULL);
INSERT INTO __table_metadata_fields VALUES(364,0,'2015-08-24 10:44:19',NULL,47,7,NULL,NULL,NULL,NULL,NULL,NULL,NULL,NULL);
INSERT INTO __table_metadata_fields VALUES(365,0,'2015-08-24 10:44:19',NULL,47,91,NULL,NULL,NULL,NULL,NULL,NULL,NULL,NULL);
INSERT INTO __table_metadata_fields VALUES(366,0,'2015-08-24 10:44:19',NULL,47,88,NULL,NULL,NULL,NULL,NULL,NULL,NULL,NULL);
INSERT INTO __table_metadata_fields VALUES(367,0,'2015-08-24 10:44:19',NULL,47,86,NULL,NULL,NULL,NULL,NULL,NULL,NULL,NULL);
INSERT INTO __table_metadata_fields VALUES(368,0,'2015-08-24 10:44:19',NULL,47,87,NULL,NULL,NULL,NULL,NULL,NULL,NULL,NULL);
INSERT INTO __table_metadata_fields VALUES(369,0,'2015-08-24 10:44:19',NULL,47,89,NULL,NULL,NULL,NULL,NULL,NULL,NULL,NULL);
INSERT INTO __table_metadata_fields VALUES(370,0,'2015-08-24 10:44:19',NULL,20,1,NULL,NULL,NULL,NULL,NULL,NULL,NULL,NULL);
INSERT INTO __table_metadata_fields VALUES(371,0,'2015-08-24 10:44:19',NULL,20,2,NULL,NULL,NULL,NULL,NULL,NULL,NULL,NULL);
INSERT INTO __table_metadata_fields VALUES(372,0,'2015-08-24 10:44:19',NULL,20,3,NULL,NULL,NULL,NULL,NULL,NULL,NULL,NULL);
INSERT INTO __table_metadata_fields VALUES(373,0,'2015-08-24 10:44:19',NULL,20,4,NULL,NULL,NULL,NULL,NULL,NULL,NULL,NULL);
INSERT INTO __table_metadata_fields VALUES(374,0,'2015-08-24 10:44:19',NULL,8,83,NULL,NULL,NULL,NULL,NULL,NULL,NULL,NULL);
INSERT INTO __table_metadata_fields VALUES(375,0,'2015-08-24 10:44:19',NULL,22,83,NULL,NULL,NULL,NULL,NULL,NULL,NULL,NULL);
INSERT INTO __table_metadata_fields VALUES(376,0,'2015-08-24 10:44:19',NULL,23,83,NULL,NULL,NULL,NULL,NULL,NULL,NULL,NULL);
INSERT INTO __table_metadata_fields VALUES(377,0,'2015-09-08 12:25:59',NULL,49,1,NULL,NULL,NULL,NULL,NULL,NULL,NULL,NULL);
INSERT INTO __table_metadata_fields VALUES(378,0,'2015-09-08 12:25:59',NULL,49,2,NULL,NULL,NULL,NULL,NULL,NULL,NULL,NULL);
INSERT INTO __table_metadata_fields VALUES(379,0,'2015-09-08 12:25:59',NULL,49,3,NULL,NULL,NULL,NULL,NULL,NULL,NULL,NULL);
INSERT INTO __table_metadata_fields VALUES(380,0,'2015-09-08 12:25:59',NULL,49,4,NULL,NULL,NULL,NULL,NULL,NULL,NULL,NULL);
INSERT INTO __table_metadata_fields VALUES(381,0,'2015-09-08 12:25:59',NULL,49,5,NULL,NULL,NULL,NULL,NULL,NULL,NULL,NULL);
INSERT INTO __table_metadata_fields VALUES(382,0,'2015-09-08 12:25:59',NULL,49,92,NULL,NULL,NULL,NULL,NULL,NULL,NULL,NULL);
INSERT INTO __table_metadata_fields VALUES(383,0,'2015-09-08 12:25:59',NULL,49,83,NULL,NULL,NULL,NULL,NULL,NULL,NULL,NULL);
INSERT INTO __table_metadata_fields VALUES(384,0,'2015-09-08 12:25:59',NULL,49,8,NULL,NULL,NULL,NULL,NULL,NULL,NULL,NULL);
INSERT INTO __table_metadata_fields VALUES(385,0,'2015-09-08 12:25:59',NULL,50,1,NULL,NULL,NULL,NULL,NULL,NULL,NULL,NULL);
INSERT INTO __table_metadata_fields VALUES(386,0,'2015-09-08 12:25:59',NULL,50,4,NULL,NULL,NULL,NULL,NULL,NULL,NULL,NULL);
INSERT INTO __table_metadata_fields VALUES(387,0,'2015-09-08 12:25:59',NULL,50,5,NULL,NULL,NULL,NULL,NULL,NULL,NULL,NULL);
INSERT INTO __table_metadata_fields VALUES(388,0,'2015-09-12 10:51:59',NULL,48,102,NULL,NULL,NULL,NULL,NULL,NULL,NULL,NULL);
INSERT INTO __table_metadata_fields VALUES(389,0,'2015-09-12 10:51:59',NULL,20,98,NULL,NULL,NULL,NULL,NULL,NULL,NULL,NULL);
INSERT INTO __table_metadata_fields VALUES(390,0,'2015-09-12 10:51:59',NULL,20,99,NULL,NULL,NULL,NULL,NULL,NULL,NULL,NULL);
INSERT INTO __table_metadata_fields VALUES(391,0,'2015-09-12 10:51:59',NULL,20,100,NULL,NULL,NULL,NULL,NULL,NULL,NULL,NULL);
INSERT INTO __table_metadata_fields VALUES(392,0,'2015-09-12 10:51:59',NULL,20,101,NULL,NULL,NULL,NULL,NULL,NULL,NULL,NULL);
INSERT INTO __table_metadata_fields VALUES(522,0,'2015-09-13 14:23:00',NULL,8,122,NULL,NULL,NULL,NULL,NULL,NULL,NULL,NULL);
INSERT INTO __table_metadata_fields VALUES(523,0,'2015-09-13 16:04:13',NULL,19,122,NULL,NULL,NULL,NULL,NULL,NULL,NULL,NULL);
INSERT INTO __table_metadata_fields VALUES(662,0,'2016-04-20 19:18:50',NULL,98,1,NULL,NULL,NULL,NULL,NULL,NULL,NULL,NULL);
INSERT INTO __table_metadata_fields VALUES(663,0,'2016-04-20 19:18:50',NULL,98,2,NULL,NULL,NULL,NULL,NULL,NULL,NULL,NULL);
INSERT INTO __table_metadata_fields VALUES(664,0,'2016-04-20 19:18:50',NULL,98,3,NULL,NULL,NULL,NULL,NULL,NULL,NULL,NULL);
INSERT INTO __table_metadata_fields VALUES(665,0,'2016-04-20 19:18:50',NULL,98,4,NULL,NULL,NULL,NULL,NULL,NULL,NULL,NULL);
INSERT INTO __table_metadata_fields VALUES(666,0,'2016-04-20 19:18:50',NULL,98,134,NULL,NULL,NULL,NULL,NULL,NULL,NULL,NULL);
INSERT INTO __table_metadata_fields VALUES(667,0,'2016-04-20 19:18:50',NULL,98,5,NULL,NULL,NULL,NULL,NULL,NULL,NULL,NULL);
INSERT INTO __table_metadata_fields VALUES(668,0,'2016-04-20 19:18:50',NULL,98,13,NULL,NULL,NULL,NULL,NULL,NULL,NULL,NULL);
INSERT INTO __table_metadata_fields VALUES(669,0,'2016-04-20 19:18:50',NULL,98,135,NULL,NULL,NULL,NULL,NULL,NULL,NULL,NULL);
INSERT INTO __table_metadata_fields VALUES(670,0,'2016-04-20 19:18:50',NULL,98,8,NULL,NULL,NULL,NULL,NULL,NULL,NULL,NULL);
INSERT INTO __table_metadata_fields VALUES(671,0,'2016-04-20 19:20:50',NULL,99,1,NULL,NULL,NULL,NULL,NULL,NULL,NULL,NULL);
INSERT INTO __table_metadata_fields VALUES(674,0,'2016-04-20 19:20:50',NULL,99,83,NULL,NULL,NULL,NULL,NULL,NULL,NULL,NULL);
INSERT INTO __table_metadata_fields VALUES(675,0,'2016-04-20 19:20:50',NULL,99,5,NULL,NULL,NULL,NULL,NULL,NULL,NULL,NULL);
INSERT INTO __table_metadata_fields VALUES(676,0,'2016-04-20 19:20:50',NULL,99,13,NULL,NULL,NULL,NULL,NULL,NULL,NULL,NULL);
INSERT INTO __table_metadata_fields VALUES(677,0,'2016-04-20 19:20:50',NULL,99,135,NULL,NULL,NULL,NULL,NULL,NULL,NULL,NULL);
INSERT INTO __table_metadata_fields VALUES(678,0,'2016-04-20 19:20:50',NULL,99,8,NULL,NULL,NULL,NULL,NULL,NULL,NULL,NULL);
INSERT INTO __table_metadata_fields VALUES(679,0,'2016-04-20 19:20:50',NULL,99,134,NULL,NULL,NULL,NULL,NULL,NULL,NULL,NULL);
INSERT INTO __table_metadata_fields VALUES(897,0,'2016-08-10 15:02:56',NULL,4,172,NULL,NULL,NULL,NULL,NULL,NULL,NULL,NULL);
INSERT INTO __table_metadata_fields VALUES(898,0,'2016-08-10 15:02:56',NULL,15,172,NULL,NULL,NULL,NULL,NULL,NULL,NULL,NULL);
CREATE TABLE IF NOT EXISTS "__table_metadata_accept_fields" (
	"id" INTEGER PRIMARY KEY NOT NULL,
	"_version_" INTEGER NOT NULL DEFAULT 0,
	"_cdate_" DATETIME NOT NULL DEFAULT CURRENT_TIMESTAMP,
	"_mdate_" DATETIME,
	"table_id" INTEGER NOT NULL,
	"field_id" INTEGER NOT NULL,
	"notes" TEXT COLLATE NOCASE,
	CONSTRAINT __table_metadata_accept_fields_unique_table_id_field_id UNIQUE("table_id", "field_id"),
	CONSTRAINT __table_metadata_accept_fields_foreign_key_table_id_field_id FOREIGN KEY("table_id", "field_id") REFERENCES "__table_metadata_fields"("table_id", "field_id")
);
INSERT INTO __table_metadata_accept_fields VALUES(1,0,'2015-07-05 17:58:07',NULL,1,9,NULL);
INSERT INTO __table_metadata_accept_fields VALUES(2,0,'2015-07-05 17:58:08',NULL,1,5,NULL);
INSERT INTO __table_metadata_accept_fields VALUES(3,0,'2015-07-05 17:58:08',NULL,1,11,NULL);
INSERT INTO __table_metadata_accept_fields VALUES(4,0,'2015-07-05 17:58:08',NULL,1,8,NULL);
INSERT INTO __table_metadata_accept_fields VALUES(5,0,'2015-07-05 17:58:08',NULL,2,5,NULL);
INSERT INTO __table_metadata_accept_fields VALUES(6,0,'2015-07-05 17:58:08',NULL,2,8,NULL);
INSERT INTO __table_metadata_accept_fields VALUES(7,0,'2015-07-05 17:58:08',NULL,3,9,NULL);
INSERT INTO __table_metadata_accept_fields VALUES(8,0,'2015-07-05 17:58:08',NULL,3,5,NULL);
INSERT INTO __table_metadata_accept_fields VALUES(9,0,'2015-07-05 17:58:08',NULL,3,12,NULL);
INSERT INTO __table_metadata_accept_fields VALUES(10,0,'2015-07-05 17:58:08',NULL,3,13,NULL);
INSERT INTO __table_metadata_accept_fields VALUES(11,0,'2015-07-05 17:58:08',NULL,3,14,NULL);
INSERT INTO __table_metadata_accept_fields VALUES(12,0,'2015-07-05 17:58:08',NULL,3,11,NULL);
INSERT INTO __table_metadata_accept_fields VALUES(13,0,'2015-07-05 17:58:08',NULL,3,7,NULL);
INSERT INTO __table_metadata_accept_fields VALUES(14,0,'2015-07-05 17:58:08',NULL,3,15,NULL);
INSERT INTO __table_metadata_accept_fields VALUES(15,0,'2015-07-05 17:58:08',NULL,3,16,NULL);
INSERT INTO __table_metadata_accept_fields VALUES(16,0,'2015-07-05 17:58:08',NULL,3,8,NULL);
INSERT INTO __table_metadata_accept_fields VALUES(17,0,'2015-07-05 17:58:08',NULL,3,17,NULL);
INSERT INTO __table_metadata_accept_fields VALUES(18,0,'2015-07-05 17:58:08',NULL,3,18,NULL);
INSERT INTO __table_metadata_accept_fields VALUES(19,0,'2015-07-05 17:58:08',NULL,3,19,NULL);
INSERT INTO __table_metadata_accept_fields VALUES(20,0,'2015-07-05 17:58:08',NULL,3,20,NULL);
INSERT INTO __table_metadata_accept_fields VALUES(21,0,'2015-07-05 17:58:08',NULL,3,21,NULL);
INSERT INTO __table_metadata_accept_fields VALUES(22,0,'2015-07-05 17:58:08',NULL,4,9,NULL);
INSERT INTO __table_metadata_accept_fields VALUES(23,0,'2015-07-05 17:58:08',NULL,4,5,NULL);
INSERT INTO __table_metadata_accept_fields VALUES(24,0,'2015-07-05 17:58:08',NULL,4,7,NULL);
INSERT INTO __table_metadata_accept_fields VALUES(25,0,'2015-07-05 17:58:08',NULL,4,16,NULL);
INSERT INTO __table_metadata_accept_fields VALUES(26,0,'2015-07-05 17:58:08',NULL,4,8,NULL);
INSERT INTO __table_metadata_accept_fields VALUES(27,0,'2015-07-05 17:58:08',NULL,4,22,NULL);
INSERT INTO __table_metadata_accept_fields VALUES(28,0,'2015-07-05 17:58:08',NULL,4,18,NULL);
INSERT INTO __table_metadata_accept_fields VALUES(29,0,'2015-07-05 17:58:08',NULL,4,20,NULL);
INSERT INTO __table_metadata_accept_fields VALUES(30,0,'2015-07-05 17:58:08',NULL,4,21,NULL);
INSERT INTO __table_metadata_accept_fields VALUES(31,0,'2015-07-05 17:58:08',NULL,4,23,NULL);
INSERT INTO __table_metadata_accept_fields VALUES(32,0,'2015-07-05 17:58:08',NULL,4,24,NULL);
INSERT INTO __table_metadata_accept_fields VALUES(33,0,'2015-07-05 17:58:08',NULL,4,25,NULL);
INSERT INTO __table_metadata_accept_fields VALUES(34,0,'2015-07-05 17:58:08',NULL,4,26,NULL);
INSERT INTO __table_metadata_accept_fields VALUES(35,0,'2015-07-05 17:58:08',NULL,4,27,NULL);
INSERT INTO __table_metadata_accept_fields VALUES(36,0,'2015-07-05 17:58:08',NULL,5,28,NULL);
INSERT INTO __table_metadata_accept_fields VALUES(37,0,'2015-07-05 17:58:08',NULL,5,29,NULL);
INSERT INTO __table_metadata_accept_fields VALUES(38,0,'2015-07-05 17:58:08',NULL,6,28,NULL);
INSERT INTO __table_metadata_accept_fields VALUES(39,0,'2015-07-05 17:58:08',NULL,6,29,NULL);
INSERT INTO __table_metadata_accept_fields VALUES(40,0,'2015-07-05 17:58:08',NULL,7,28,NULL);
INSERT INTO __table_metadata_accept_fields VALUES(41,0,'2015-07-05 17:58:08',NULL,7,29,NULL);
INSERT INTO __table_metadata_accept_fields VALUES(42,0,'2015-07-05 17:58:08',NULL,8,28,NULL);
INSERT INTO __table_metadata_accept_fields VALUES(43,0,'2015-07-05 17:58:08',NULL,8,29,NULL);
INSERT INTO __table_metadata_accept_fields VALUES(44,0,'2015-07-05 17:58:08',NULL,8,32,NULL);
INSERT INTO __table_metadata_accept_fields VALUES(45,0,'2015-07-05 17:58:08',NULL,8,33,NULL);
INSERT INTO __table_metadata_accept_fields VALUES(46,0,'2015-07-05 17:58:08',NULL,8,34,NULL);
INSERT INTO __table_metadata_accept_fields VALUES(47,0,'2015-07-05 17:58:08',NULL,8,35,NULL);
INSERT INTO __table_metadata_accept_fields VALUES(48,0,'2015-07-05 17:58:08',NULL,8,36,NULL);
INSERT INTO __table_metadata_accept_fields VALUES(49,0,'2015-07-05 17:58:08',NULL,22,28,NULL);
INSERT INTO __table_metadata_accept_fields VALUES(50,0,'2015-07-05 17:58:08',NULL,22,30,NULL);
INSERT INTO __table_metadata_accept_fields VALUES(51,0,'2015-07-05 17:58:08',NULL,22,31,NULL);
INSERT INTO __table_metadata_accept_fields VALUES(52,0,'2015-07-06 12:46:33',NULL,4,37,NULL);
INSERT INTO __table_metadata_accept_fields VALUES(53,0,'2015-07-06 20:36:52',NULL,8,38,NULL);
INSERT INTO __table_metadata_accept_fields VALUES(54,0,'2015-07-06 21:54:14',NULL,8,39,NULL);
INSERT INTO __table_metadata_accept_fields VALUES(55,0,'2015-07-07 14:18:53',NULL,36,5,NULL);
INSERT INTO __table_metadata_accept_fields VALUES(56,0,'2015-07-07 14:18:53',NULL,36,8,NULL);
INSERT INTO __table_metadata_accept_fields VALUES(57,0,'2015-07-07 14:42:19',NULL,3,40,NULL);
INSERT INTO __table_metadata_accept_fields VALUES(58,0,'2015-07-07 15:05:00',NULL,39,41,NULL);
INSERT INTO __table_metadata_accept_fields VALUES(59,0,'2015-07-07 15:05:00',NULL,39,42,NULL);
INSERT INTO __table_metadata_accept_fields VALUES(60,0,'2015-07-07 15:05:00',NULL,39,43,NULL);
INSERT INTO __table_metadata_accept_fields VALUES(61,0,'2015-07-07 15:05:00',NULL,39,8,NULL);
INSERT INTO __table_metadata_accept_fields VALUES(62,0,'2015-07-08 09:25:56',NULL,5,8,NULL);
INSERT INTO __table_metadata_accept_fields VALUES(63,0,'2015-07-08 09:25:56',NULL,6,8,NULL);
INSERT INTO __table_metadata_accept_fields VALUES(64,0,'2015-07-08 09:25:56',NULL,7,8,NULL);
INSERT INTO __table_metadata_accept_fields VALUES(65,0,'2015-07-08 09:25:56',NULL,8,8,NULL);
INSERT INTO __table_metadata_accept_fields VALUES(66,0,'2015-07-08 09:25:56',NULL,22,8,NULL);
INSERT INTO __table_metadata_accept_fields VALUES(67,0,'2015-07-08 10:13:44',NULL,30,61,NULL);
INSERT INTO __table_metadata_accept_fields VALUES(68,0,'2015-07-08 10:13:44',NULL,30,64,NULL);
INSERT INTO __table_metadata_accept_fields VALUES(69,0,'2015-07-08 10:13:44',NULL,30,65,NULL);
INSERT INTO __table_metadata_accept_fields VALUES(70,0,'2015-07-08 10:13:44',NULL,10,5,NULL);
INSERT INTO __table_metadata_accept_fields VALUES(71,0,'2015-07-08 10:13:44',NULL,10,8,NULL);
INSERT INTO __table_metadata_accept_fields VALUES(72,0,'2015-07-08 10:13:44',NULL,38,61,NULL);
INSERT INTO __table_metadata_accept_fields VALUES(73,0,'2015-07-08 10:13:44',NULL,38,69,NULL);
INSERT INTO __table_metadata_accept_fields VALUES(74,0,'2015-07-08 10:13:44',NULL,38,65,NULL);
INSERT INTO __table_metadata_accept_fields VALUES(75,0,'2015-07-08 10:13:44',NULL,37,5,NULL);
INSERT INTO __table_metadata_accept_fields VALUES(76,0,'2015-07-08 10:13:44',NULL,37,8,NULL);
INSERT INTO __table_metadata_accept_fields VALUES(77,0,'2015-07-08 10:13:44',NULL,31,61,NULL);
INSERT INTO __table_metadata_accept_fields VALUES(78,0,'2015-07-08 10:13:44',NULL,31,69,NULL);
INSERT INTO __table_metadata_accept_fields VALUES(79,0,'2015-07-08 10:13:44',NULL,31,65,NULL);
INSERT INTO __table_metadata_accept_fields VALUES(80,0,'2015-07-08 10:13:44',NULL,9,5,NULL);
INSERT INTO __table_metadata_accept_fields VALUES(81,0,'2015-07-08 10:13:44',NULL,9,8,NULL);
INSERT INTO __table_metadata_accept_fields VALUES(82,0,'2015-07-08 10:13:44',NULL,32,61,NULL);
INSERT INTO __table_metadata_accept_fields VALUES(83,0,'2015-07-08 10:13:44',NULL,32,69,NULL);
INSERT INTO __table_metadata_accept_fields VALUES(84,0,'2015-07-08 10:13:44',NULL,32,70,NULL);
INSERT INTO __table_metadata_accept_fields VALUES(85,0,'2015-07-08 10:13:44',NULL,32,65,NULL);
INSERT INTO __table_metadata_accept_fields VALUES(86,0,'2015-07-08 10:13:44',NULL,11,5,NULL);
INSERT INTO __table_metadata_accept_fields VALUES(87,0,'2015-07-08 10:13:44',NULL,11,68,NULL);
INSERT INTO __table_metadata_accept_fields VALUES(88,0,'2015-07-08 10:13:44',NULL,11,8,NULL);
INSERT INTO __table_metadata_accept_fields VALUES(89,0,'2015-07-08 10:13:44',NULL,14,9,NULL);
INSERT INTO __table_metadata_accept_fields VALUES(90,0,'2015-07-08 10:13:44',NULL,14,5,NULL);
INSERT INTO __table_metadata_accept_fields VALUES(91,0,'2015-07-08 10:13:44',NULL,14,12,NULL);
INSERT INTO __table_metadata_accept_fields VALUES(92,0,'2015-07-08 10:13:44',NULL,14,40,NULL);
INSERT INTO __table_metadata_accept_fields VALUES(93,0,'2015-07-08 10:13:44',NULL,14,13,NULL);
INSERT INTO __table_metadata_accept_fields VALUES(94,0,'2015-07-08 10:13:44',NULL,14,14,NULL);
INSERT INTO __table_metadata_accept_fields VALUES(95,0,'2015-07-08 10:13:44',NULL,14,11,NULL);
INSERT INTO __table_metadata_accept_fields VALUES(96,0,'2015-07-08 10:13:44',NULL,14,7,NULL);
INSERT INTO __table_metadata_accept_fields VALUES(97,0,'2015-07-08 10:13:44',NULL,14,15,NULL);
INSERT INTO __table_metadata_accept_fields VALUES(98,0,'2015-07-08 10:13:44',NULL,14,16,NULL);
INSERT INTO __table_metadata_accept_fields VALUES(99,0,'2015-07-08 10:13:44',NULL,14,8,NULL);
INSERT INTO __table_metadata_accept_fields VALUES(100,0,'2015-07-08 10:13:44',NULL,14,17,NULL);
INSERT INTO __table_metadata_accept_fields VALUES(101,0,'2015-07-08 10:13:44',NULL,14,18,NULL);
INSERT INTO __table_metadata_accept_fields VALUES(102,0,'2015-07-08 10:13:44',NULL,14,19,NULL);
INSERT INTO __table_metadata_accept_fields VALUES(103,0,'2015-07-08 10:13:44',NULL,14,20,NULL);
INSERT INTO __table_metadata_accept_fields VALUES(104,0,'2015-07-08 10:13:44',NULL,14,21,NULL);
INSERT INTO __table_metadata_accept_fields VALUES(105,0,'2015-07-08 10:13:44',NULL,14,46,NULL);
INSERT INTO __table_metadata_accept_fields VALUES(106,0,'2015-07-08 10:13:44',NULL,14,47,NULL);
INSERT INTO __table_metadata_accept_fields VALUES(107,0,'2015-07-08 10:13:44',NULL,14,48,NULL);
INSERT INTO __table_metadata_accept_fields VALUES(111,0,'2015-07-08 10:13:44',NULL,26,44,NULL);
INSERT INTO __table_metadata_accept_fields VALUES(112,0,'2015-07-08 10:13:44',NULL,26,45,NULL);
INSERT INTO __table_metadata_accept_fields VALUES(113,0,'2015-07-08 10:13:44',NULL,26,28,NULL);
INSERT INTO __table_metadata_accept_fields VALUES(114,0,'2015-07-08 10:13:44',NULL,26,29,NULL);
INSERT INTO __table_metadata_accept_fields VALUES(115,0,'2015-07-08 10:13:44',NULL,17,28,NULL);
INSERT INTO __table_metadata_accept_fields VALUES(116,0,'2015-07-08 10:13:44',NULL,17,29,NULL);
INSERT INTO __table_metadata_accept_fields VALUES(117,0,'2015-07-08 10:13:44',NULL,17,8,NULL);
INSERT INTO __table_metadata_accept_fields VALUES(118,0,'2015-07-08 10:13:44',NULL,17,44,NULL);
INSERT INTO __table_metadata_accept_fields VALUES(119,0,'2015-07-08 10:13:44',NULL,17,45,NULL);
INSERT INTO __table_metadata_accept_fields VALUES(120,0,'2015-07-08 10:13:44',NULL,34,61,NULL);
INSERT INTO __table_metadata_accept_fields VALUES(121,0,'2015-07-08 10:13:44',NULL,34,52,NULL);
INSERT INTO __table_metadata_accept_fields VALUES(122,0,'2015-07-08 10:13:44',NULL,34,53,NULL);
INSERT INTO __table_metadata_accept_fields VALUES(123,0,'2015-07-08 10:13:44',NULL,25,44,NULL);
INSERT INTO __table_metadata_accept_fields VALUES(124,0,'2015-07-08 10:13:44',NULL,25,45,NULL);
INSERT INTO __table_metadata_accept_fields VALUES(125,0,'2015-07-08 10:13:44',NULL,25,54,NULL);
INSERT INTO __table_metadata_accept_fields VALUES(126,0,'2015-07-08 10:13:44',NULL,25,55,NULL);
INSERT INTO __table_metadata_accept_fields VALUES(127,0,'2015-07-08 10:13:44',NULL,25,56,NULL);
INSERT INTO __table_metadata_accept_fields VALUES(128,0,'2015-07-08 10:13:44',NULL,25,57,NULL);
INSERT INTO __table_metadata_accept_fields VALUES(129,0,'2015-07-08 10:13:44',NULL,25,58,NULL);
INSERT INTO __table_metadata_accept_fields VALUES(130,0,'2015-07-08 10:13:44',NULL,25,59,NULL);
INSERT INTO __table_metadata_accept_fields VALUES(131,0,'2015-07-08 10:13:44',NULL,25,60,NULL);
INSERT INTO __table_metadata_accept_fields VALUES(132,0,'2015-07-08 10:13:44',NULL,25,28,NULL);
INSERT INTO __table_metadata_accept_fields VALUES(133,0,'2015-07-08 10:13:44',NULL,25,29,NULL);
INSERT INTO __table_metadata_accept_fields VALUES(134,0,'2015-07-08 10:13:44',NULL,19,28,NULL);
INSERT INTO __table_metadata_accept_fields VALUES(135,0,'2015-07-08 10:13:44',NULL,19,29,NULL);
INSERT INTO __table_metadata_accept_fields VALUES(136,0,'2015-07-08 10:13:44',NULL,19,32,NULL);
INSERT INTO __table_metadata_accept_fields VALUES(137,0,'2015-07-08 10:13:44',NULL,19,33,NULL);
INSERT INTO __table_metadata_accept_fields VALUES(138,0,'2015-07-08 10:13:44',NULL,19,35,NULL);
INSERT INTO __table_metadata_accept_fields VALUES(139,0,'2015-07-08 10:13:44',NULL,19,36,NULL);
INSERT INTO __table_metadata_accept_fields VALUES(140,0,'2015-07-08 10:13:44',NULL,19,38,NULL);
INSERT INTO __table_metadata_accept_fields VALUES(141,0,'2015-07-08 10:13:44',NULL,19,39,NULL);
INSERT INTO __table_metadata_accept_fields VALUES(142,0,'2015-07-08 10:13:44',NULL,19,34,NULL);
INSERT INTO __table_metadata_accept_fields VALUES(144,0,'2015-07-08 10:13:44',NULL,19,44,NULL);
INSERT INTO __table_metadata_accept_fields VALUES(145,0,'2015-07-08 10:13:44',NULL,19,45,NULL);
INSERT INTO __table_metadata_accept_fields VALUES(146,0,'2015-07-08 10:13:44',NULL,19,54,NULL);
INSERT INTO __table_metadata_accept_fields VALUES(147,0,'2015-07-08 10:13:44',NULL,19,55,NULL);
INSERT INTO __table_metadata_accept_fields VALUES(148,0,'2015-07-08 10:13:44',NULL,19,56,NULL);
INSERT INTO __table_metadata_accept_fields VALUES(149,0,'2015-07-08 10:13:44',NULL,19,57,NULL);
INSERT INTO __table_metadata_accept_fields VALUES(150,0,'2015-07-08 10:13:44',NULL,19,58,NULL);
INSERT INTO __table_metadata_accept_fields VALUES(151,0,'2015-07-08 10:13:44',NULL,19,59,NULL);
INSERT INTO __table_metadata_accept_fields VALUES(152,0,'2015-07-08 10:13:44',NULL,19,60,NULL);
INSERT INTO __table_metadata_accept_fields VALUES(153,0,'2015-07-08 10:13:44',NULL,21,51,NULL);
INSERT INTO __table_metadata_accept_fields VALUES(154,0,'2015-07-08 10:13:44',NULL,21,52,NULL);
INSERT INTO __table_metadata_accept_fields VALUES(155,0,'2015-07-08 10:13:44',NULL,21,53,NULL);
INSERT INTO __table_metadata_accept_fields VALUES(156,0,'2015-07-08 10:13:44',NULL,13,44,NULL);
INSERT INTO __table_metadata_accept_fields VALUES(157,0,'2015-07-08 10:13:44',NULL,13,45,NULL);
INSERT INTO __table_metadata_accept_fields VALUES(158,0,'2015-07-08 10:13:44',NULL,13,28,NULL);
INSERT INTO __table_metadata_accept_fields VALUES(159,0,'2015-07-08 10:13:44',NULL,13,29,NULL);
INSERT INTO __table_metadata_accept_fields VALUES(160,0,'2015-07-08 10:13:44',NULL,16,28,NULL);
INSERT INTO __table_metadata_accept_fields VALUES(161,0,'2015-07-08 10:13:44',NULL,16,29,NULL);
INSERT INTO __table_metadata_accept_fields VALUES(162,0,'2015-07-08 10:13:44',NULL,16,8,NULL);
INSERT INTO __table_metadata_accept_fields VALUES(163,0,'2015-07-08 10:13:44',NULL,16,44,NULL);
INSERT INTO __table_metadata_accept_fields VALUES(164,0,'2015-07-08 10:13:44',NULL,16,45,NULL);
INSERT INTO __table_metadata_accept_fields VALUES(165,0,'2015-07-08 10:13:44',NULL,35,61,NULL);
INSERT INTO __table_metadata_accept_fields VALUES(166,0,'2015-07-08 10:13:44',NULL,35,52,NULL);
INSERT INTO __table_metadata_accept_fields VALUES(167,0,'2015-07-08 10:13:44',NULL,35,75,NULL);
INSERT INTO __table_metadata_accept_fields VALUES(168,0,'2015-07-08 10:13:44',NULL,27,44,NULL);
INSERT INTO __table_metadata_accept_fields VALUES(169,0,'2015-07-08 10:13:44',NULL,27,73,NULL);
INSERT INTO __table_metadata_accept_fields VALUES(170,0,'2015-07-08 10:13:44',NULL,27,74,NULL);
INSERT INTO __table_metadata_accept_fields VALUES(171,0,'2015-07-08 10:13:44',NULL,27,28,NULL);
INSERT INTO __table_metadata_accept_fields VALUES(172,0,'2015-07-08 10:13:44',NULL,23,28,NULL);
INSERT INTO __table_metadata_accept_fields VALUES(173,0,'2015-07-08 10:13:44',NULL,23,30,NULL);
INSERT INTO __table_metadata_accept_fields VALUES(174,0,'2015-07-08 10:13:44',NULL,23,31,NULL);
INSERT INTO __table_metadata_accept_fields VALUES(175,0,'2015-07-08 10:13:44',NULL,23,8,NULL);
INSERT INTO __table_metadata_accept_fields VALUES(176,0,'2015-07-08 10:13:44',NULL,23,44,NULL);
INSERT INTO __table_metadata_accept_fields VALUES(177,0,'2015-07-08 10:13:44',NULL,23,73,NULL);
INSERT INTO __table_metadata_accept_fields VALUES(178,0,'2015-07-08 10:13:44',NULL,23,74,NULL);
INSERT INTO __table_metadata_accept_fields VALUES(179,0,'2015-07-08 10:13:44',NULL,28,61,NULL);
INSERT INTO __table_metadata_accept_fields VALUES(180,0,'2015-07-08 10:13:44',NULL,28,62,NULL);
INSERT INTO __table_metadata_accept_fields VALUES(181,0,'2015-07-08 10:13:44',NULL,28,63,NULL);
INSERT INTO __table_metadata_accept_fields VALUES(182,0,'2015-07-08 10:13:44',NULL,24,44,NULL);
INSERT INTO __table_metadata_accept_fields VALUES(183,0,'2015-07-08 10:13:44',NULL,24,45,NULL);
INSERT INTO __table_metadata_accept_fields VALUES(184,0,'2015-07-08 10:13:44',NULL,24,28,NULL);
INSERT INTO __table_metadata_accept_fields VALUES(185,0,'2015-07-08 10:13:44',NULL,24,29,NULL);
INSERT INTO __table_metadata_accept_fields VALUES(186,0,'2015-07-08 10:13:44',NULL,18,28,NULL);
INSERT INTO __table_metadata_accept_fields VALUES(187,0,'2015-07-08 10:13:44',NULL,18,29,NULL);
INSERT INTO __table_metadata_accept_fields VALUES(188,0,'2015-07-08 10:13:44',NULL,18,8,NULL);
INSERT INTO __table_metadata_accept_fields VALUES(189,0,'2015-07-08 10:13:44',NULL,18,44,NULL);
INSERT INTO __table_metadata_accept_fields VALUES(190,0,'2015-07-08 10:13:44',NULL,18,45,NULL);
INSERT INTO __table_metadata_accept_fields VALUES(191,0,'2015-07-08 10:13:44',NULL,29,61,NULL);
INSERT INTO __table_metadata_accept_fields VALUES(192,0,'2015-07-08 10:13:44',NULL,29,66,NULL);
INSERT INTO __table_metadata_accept_fields VALUES(193,0,'2015-07-08 10:13:44',NULL,29,67,NULL);
INSERT INTO __table_metadata_accept_fields VALUES(194,0,'2015-07-08 10:13:44',NULL,12,5,NULL);
INSERT INTO __table_metadata_accept_fields VALUES(195,0,'2015-07-08 10:13:44',NULL,12,22,NULL);
INSERT INTO __table_metadata_accept_fields VALUES(196,0,'2015-07-08 10:13:44',NULL,15,9,NULL);
INSERT INTO __table_metadata_accept_fields VALUES(197,0,'2015-07-08 10:13:44',NULL,15,5,NULL);
INSERT INTO __table_metadata_accept_fields VALUES(198,0,'2015-07-08 10:13:44',NULL,15,7,NULL);
INSERT INTO __table_metadata_accept_fields VALUES(199,0,'2015-07-08 10:13:44',NULL,15,16,NULL);
INSERT INTO __table_metadata_accept_fields VALUES(200,0,'2015-07-08 10:13:44',NULL,15,8,NULL);
INSERT INTO __table_metadata_accept_fields VALUES(201,0,'2015-07-08 10:13:44',NULL,15,22,NULL);
INSERT INTO __table_metadata_accept_fields VALUES(202,0,'2015-07-08 10:13:44',NULL,15,18,NULL);
INSERT INTO __table_metadata_accept_fields VALUES(203,0,'2015-07-08 10:13:44',NULL,15,20,NULL);
INSERT INTO __table_metadata_accept_fields VALUES(204,0,'2015-07-08 10:13:44',NULL,15,21,NULL);
INSERT INTO __table_metadata_accept_fields VALUES(205,0,'2015-07-08 10:13:44',NULL,15,23,NULL);
INSERT INTO __table_metadata_accept_fields VALUES(206,0,'2015-07-08 10:13:44',NULL,15,24,NULL);
INSERT INTO __table_metadata_accept_fields VALUES(207,0,'2015-07-08 10:13:44',NULL,15,25,NULL);
INSERT INTO __table_metadata_accept_fields VALUES(208,0,'2015-07-08 10:13:44',NULL,15,26,NULL);
INSERT INTO __table_metadata_accept_fields VALUES(209,0,'2015-07-08 10:13:44',NULL,15,27,NULL);
INSERT INTO __table_metadata_accept_fields VALUES(210,0,'2015-07-08 10:13:44',NULL,15,37,NULL);
INSERT INTO __table_metadata_accept_fields VALUES(211,0,'2015-07-08 10:13:44',NULL,15,46,NULL);
INSERT INTO __table_metadata_accept_fields VALUES(212,0,'2015-07-08 10:13:44',NULL,15,48,NULL);
INSERT INTO __table_metadata_accept_fields VALUES(213,0,'2015-07-08 10:13:44',NULL,15,49,NULL);
INSERT INTO __table_metadata_accept_fields VALUES(214,0,'2015-07-08 10:13:44',NULL,15,50,NULL);
INSERT INTO __table_metadata_accept_fields VALUES(215,0,'2015-07-08 10:13:44',NULL,41,61,NULL);
INSERT INTO __table_metadata_accept_fields VALUES(216,0,'2015-07-08 10:13:44',NULL,41,71,NULL);
INSERT INTO __table_metadata_accept_fields VALUES(217,0,'2015-07-08 10:13:44',NULL,41,72,NULL);
INSERT INTO __table_metadata_accept_fields VALUES(218,0,'2015-07-08 10:13:44',NULL,41,65,NULL);
INSERT INTO __table_metadata_accept_fields VALUES(219,0,'2015-07-08 10:13:44',NULL,42,41,NULL);
INSERT INTO __table_metadata_accept_fields VALUES(220,0,'2015-07-08 10:13:44',NULL,42,43,NULL);
INSERT INTO __table_metadata_accept_fields VALUES(221,0,'2015-07-08 10:13:44',NULL,42,8,NULL);
INSERT INTO __table_metadata_accept_fields VALUES(222,0,'2015-07-12 22:44:03',NULL,5,76,NULL);
INSERT INTO __table_metadata_accept_fields VALUES(223,0,'2015-07-12 22:44:03',NULL,5,17,NULL);
INSERT INTO __table_metadata_accept_fields VALUES(224,0,'2015-07-12 22:44:03',NULL,5,77,NULL);
INSERT INTO __table_metadata_accept_fields VALUES(225,0,'2015-07-12 22:44:03',NULL,5,78,NULL);
INSERT INTO __table_metadata_accept_fields VALUES(226,0,'2015-07-12 22:44:03',NULL,16,76,NULL);
INSERT INTO __table_metadata_accept_fields VALUES(227,0,'2015-07-12 22:44:03',NULL,16,17,NULL);
INSERT INTO __table_metadata_accept_fields VALUES(228,0,'2015-07-12 22:44:03',NULL,16,77,NULL);
INSERT INTO __table_metadata_accept_fields VALUES(229,0,'2015-07-12 22:44:03',NULL,16,78,NULL);
INSERT INTO __table_metadata_accept_fields VALUES(230,0,'2015-07-13 08:56:15',NULL,7,79,NULL);
INSERT INTO __table_metadata_accept_fields VALUES(231,0,'2015-07-13 08:56:15',NULL,18,79,NULL);
INSERT INTO __table_metadata_accept_fields VALUES(232,0,'2015-07-23 10:07:26',NULL,43,28,NULL);
INSERT INTO __table_metadata_accept_fields VALUES(233,0,'2015-07-23 10:07:26',NULL,43,29,NULL);
INSERT INTO __table_metadata_accept_fields VALUES(234,0,'2015-07-23 10:07:26',NULL,43,76,NULL);
INSERT INTO __table_metadata_accept_fields VALUES(235,0,'2015-07-23 10:07:26',NULL,43,17,NULL);
INSERT INTO __table_metadata_accept_fields VALUES(236,0,'2015-07-23 10:07:26',NULL,43,77,NULL);
INSERT INTO __table_metadata_accept_fields VALUES(237,0,'2015-07-23 10:07:26',NULL,43,78,NULL);
INSERT INTO __table_metadata_accept_fields VALUES(238,0,'2015-07-23 10:07:26',NULL,43,8,NULL);
INSERT INTO __table_metadata_accept_fields VALUES(239,0,'2015-07-23 10:07:26',NULL,43,44,NULL);
INSERT INTO __table_metadata_accept_fields VALUES(240,0,'2015-07-23 10:07:26',NULL,43,45,NULL);
INSERT INTO __table_metadata_accept_fields VALUES(265,0,'2015-07-23 12:38:16',NULL,22,5,NULL);
INSERT INTO __table_metadata_accept_fields VALUES(266,0,'2015-07-23 12:38:16',NULL,27,5,NULL);
INSERT INTO __table_metadata_accept_fields VALUES(267,0,'2015-07-23 12:38:16',NULL,23,5,NULL);
INSERT INTO __table_metadata_accept_fields VALUES(300,0,'2015-07-24 19:26:37',NULL,5,80,NULL);
INSERT INTO __table_metadata_accept_fields VALUES(301,0,'2015-07-24 19:26:37',NULL,5,81,NULL);
INSERT INTO __table_metadata_accept_fields VALUES(302,0,'2015-07-24 19:26:37',NULL,5,82,NULL);
INSERT INTO __table_metadata_accept_fields VALUES(303,0,'2015-07-24 19:26:37',NULL,16,80,NULL);
INSERT INTO __table_metadata_accept_fields VALUES(304,0,'2015-07-24 19:26:37',NULL,16,81,NULL);
INSERT INTO __table_metadata_accept_fields VALUES(305,0,'2015-07-24 19:26:37',NULL,16,82,NULL);
INSERT INTO __table_metadata_accept_fields VALUES(306,0,'2015-07-24 19:26:37',NULL,43,80,NULL);
INSERT INTO __table_metadata_accept_fields VALUES(307,0,'2015-07-24 19:26:37',NULL,43,81,NULL);
INSERT INTO __table_metadata_accept_fields VALUES(308,0,'2015-07-24 19:26:37',NULL,43,82,NULL);
INSERT INTO __table_metadata_accept_fields VALUES(309,0,'2015-08-24 10:44:19',NULL,44,5,NULL);
INSERT INTO __table_metadata_accept_fields VALUES(310,0,'2015-08-24 10:44:19',NULL,44,8,NULL);
INSERT INTO __table_metadata_accept_fields VALUES(311,0,'2015-08-24 10:44:19',NULL,44,84,NULL);
INSERT INTO __table_metadata_accept_fields VALUES(312,0,'2015-08-24 10:44:19',NULL,44,85,NULL);
INSERT INTO __table_metadata_accept_fields VALUES(313,0,'2015-08-24 10:44:19',NULL,45,5,NULL);
INSERT INTO __table_metadata_accept_fields VALUES(314,0,'2015-08-24 10:44:19',NULL,45,84,NULL);
INSERT INTO __table_metadata_accept_fields VALUES(315,0,'2015-08-24 10:44:19',NULL,45,8,NULL);
INSERT INTO __table_metadata_accept_fields VALUES(316,0,'2015-08-24 10:44:19',NULL,46,86,NULL);
INSERT INTO __table_metadata_accept_fields VALUES(317,0,'2015-08-24 10:44:19',NULL,46,87,NULL);
INSERT INTO __table_metadata_accept_fields VALUES(318,0,'2015-08-24 10:44:19',NULL,46,88,NULL);
INSERT INTO __table_metadata_accept_fields VALUES(319,0,'2015-08-24 10:44:19',NULL,46,89,NULL);
INSERT INTO __table_metadata_accept_fields VALUES(320,0,'2015-08-24 10:44:19',NULL,46,7,NULL);
INSERT INTO __table_metadata_accept_fields VALUES(321,0,'2015-08-24 10:44:19',NULL,46,8,NULL);
INSERT INTO __table_metadata_accept_fields VALUES(322,0,'2015-08-24 10:44:19',NULL,47,90,NULL);
INSERT INTO __table_metadata_accept_fields VALUES(323,0,'2015-08-24 10:44:19',NULL,47,7,NULL);
INSERT INTO __table_metadata_accept_fields VALUES(324,0,'2015-08-24 10:44:19',NULL,47,91,NULL);
INSERT INTO __table_metadata_accept_fields VALUES(325,0,'2015-08-24 10:44:19',NULL,47,88,NULL);
INSERT INTO __table_metadata_accept_fields VALUES(326,0,'2015-08-24 10:44:19',NULL,47,86,NULL);
INSERT INTO __table_metadata_accept_fields VALUES(327,0,'2015-08-24 10:44:19',NULL,47,87,NULL);
INSERT INTO __table_metadata_accept_fields VALUES(328,0,'2015-08-24 10:44:19',NULL,47,89,NULL);
INSERT INTO __table_metadata_accept_fields VALUES(329,0,'2015-08-24 10:44:19',NULL,8,83,NULL);
INSERT INTO __table_metadata_accept_fields VALUES(330,0,'2015-08-24 10:44:19',NULL,22,83,NULL);
INSERT INTO __table_metadata_accept_fields VALUES(331,0,'2015-08-24 10:44:19',NULL,23,83,NULL);
INSERT INTO __table_metadata_accept_fields VALUES(332,0,'2015-09-08 12:25:59',NULL,49,5,NULL);
INSERT INTO __table_metadata_accept_fields VALUES(333,0,'2015-09-08 12:25:59',NULL,49,92,NULL);
INSERT INTO __table_metadata_accept_fields VALUES(334,0,'2015-09-08 12:25:59',NULL,49,83,NULL);
INSERT INTO __table_metadata_accept_fields VALUES(335,0,'2015-09-08 12:25:59',NULL,49,8,NULL);
INSERT INTO __table_metadata_accept_fields VALUES(336,0,'2015-09-08 12:25:59',NULL,50,5,NULL);
INSERT INTO __table_metadata_accept_fields VALUES(337,0,'2015-09-12 10:51:59',NULL,48,102,NULL);
INSERT INTO __table_metadata_accept_fields VALUES(442,0,'2015-09-13 14:23:00',NULL,8,122,NULL);
INSERT INTO __table_metadata_accept_fields VALUES(443,0,'2015-09-13 16:04:13',NULL,19,122,NULL);
INSERT INTO __table_metadata_accept_fields VALUES(561,0,'2016-04-20 19:18:50',NULL,98,134,NULL);
INSERT INTO __table_metadata_accept_fields VALUES(562,0,'2016-04-20 19:18:50',NULL,98,5,NULL);
INSERT INTO __table_metadata_accept_fields VALUES(563,0,'2016-04-20 19:18:50',NULL,98,13,NULL);
INSERT INTO __table_metadata_accept_fields VALUES(564,0,'2016-04-20 19:18:50',NULL,98,135,NULL);
INSERT INTO __table_metadata_accept_fields VALUES(565,0,'2016-04-20 19:18:50',NULL,98,8,NULL);
INSERT INTO __table_metadata_accept_fields VALUES(566,0,'2016-04-20 19:20:50',NULL,99,83,NULL);
INSERT INTO __table_metadata_accept_fields VALUES(567,0,'2016-04-20 19:20:50',NULL,99,5,NULL);
INSERT INTO __table_metadata_accept_fields VALUES(568,0,'2016-04-20 19:20:50',NULL,99,13,NULL);
INSERT INTO __table_metadata_accept_fields VALUES(569,0,'2016-04-20 19:20:50',NULL,99,135,NULL);
INSERT INTO __table_metadata_accept_fields VALUES(570,0,'2016-04-20 19:20:50',NULL,99,8,NULL);
INSERT INTO __table_metadata_accept_fields VALUES(571,0,'2016-04-20 19:20:50',NULL,99,134,NULL);
INSERT INTO __table_metadata_accept_fields VALUES(744,0,'2016-08-10 15:02:56',NULL,4,172,NULL);
INSERT INTO __table_metadata_accept_fields VALUES(745,0,'2016-08-10 15:02:56',NULL,15,172,NULL);
CREATE TABLE IF NOT EXISTS "__table_metadata_list_fields" (
	"id" INTEGER PRIMARY KEY NOT NULL,
	"_version_" INTEGER NOT NULL DEFAULT 0,
	"_cdate_" DATETIME NOT NULL DEFAULT CURRENT_TIMESTAMP,
	"_mdate_" DATETIME,
	"table_id" INTEGER NOT NULL,
	"field_id" INTEGER NOT NULL,
	"field_format" VARCHAR COLLATE NOCASE,
	"notes" TEXT COLLATE NOCASE,
	CONSTRAINT __table_metadata_list_fields_unique_table_id_field_id UNIQUE("table_id", "field_id"),
	CONSTRAINT __table_metadata_list_fields_foreign_key_table_id_field_id FOREIGN KEY("table_id", "field_id") REFERENCES "__table_metadata_fields"("table_id", "field_id")
);
INSERT INTO __table_metadata_list_fields VALUES(1,0,'2015-07-13 08:59:51',NULL,12,1,'id|ID|4|R',NULL);
INSERT INTO __table_metadata_list_fields VALUES(2,0,'2015-07-13 09:00:43',NULL,12,22,'is_view|View?|6|B',NULL);
INSERT INTO __table_metadata_list_fields VALUES(3,0,'2015-07-13 09:02:48',NULL,12,5,'name|Name|-1',NULL);
CREATE TABLE IF NOT EXISTS "__app_code" (
	"id" INTEGER PRIMARY KEY NOT NULL,
	"_version_" INTEGER NOT NULL DEFAULT 0,
	"_cdate_" DATETIME NOT NULL DEFAULT CURRENT_TIMESTAMP,
	"_mdate_" DATETIME,
	"name" VARCHAR NOT NULL COLLATE NOCASE
	CONSTRAINT __app_code_name_unique UNIQUE,
	"notes" TEXT COLLATE NOCASE,
	"path" VARCHAR COLLATE NOCASE NOT NULL COLLATE NOCASE
	CONSTRAINT __app_code_path_unique UNIQUE,
	"content" TEXT COLLATE NOCASE
);
CREATE TABLE IF NOT EXISTS "__table_metadata_filter_tables" (
	"id" INTEGER PRIMARY KEY NOT NULL,
	"_version_" INTEGER NOT NULL DEFAULT 0,
	"_cdate_" DATETIME NOT NULL DEFAULT CURRENT_TIMESTAMP,
	"_mdate_" DATETIME,
	"table_id" INTEGER NOT NULL,
	"table_filtered_id" INTEGER NOT NULL,
	"table_filtered_field_id" INTEGER NOT NULL,
	"name" VARCHAR COLLATE NOCASE,
	"sql" TEXT COLLATE NOCASE,
	"notes" TEXT COLLATE NOCASE,
	CONSTRAINT __table_metadata_filter_tables_all_ids_unique UNIQUE("table_id", "table_filtered_id", "table_filtered_field_id"),
	CONSTRAINT __table_metadata_filter_tables_unique_table_id_name UNIQUE("table_id", "name"),
	CONSTRAINT __table_metadata_filter_tables_all_ids_in_table_metadata_fields FOREIGN KEY("table_filtered_id", "table_filtered_field_id")  REFERENCES "__table_metadata_fields"("table_id", "field_id"),
	CONSTRAINT __table_metadata_filter_tables_table_id_in_tables_metadata FOREIGN KEY("table_id") REFERENCES "__tables_metadata"("id")
);
INSERT INTO __table_metadata_filter_tables VALUES(1,0,'2015-07-05 19:32:24',NULL,4,5,28,'Fields','sql',NULL);
INSERT INTO __table_metadata_filter_tables VALUES(2,0,'2015-08-24 10:45:01',NULL,4,26,28,'Accept Fields',NULL,NULL);
INSERT INTO __table_metadata_filter_tables VALUES(3,0,'2015-08-24 10:45:17',NULL,4,25,28,'Edit Links',NULL,NULL);
INSERT INTO __table_metadata_filter_tables VALUES(4,0,'2015-08-24 10:45:34',NULL,4,13,28,'List Fields',NULL,NULL);
INSERT INTO __table_metadata_filter_tables VALUES(5,0,'2015-08-24 10:45:50',NULL,4,27,28,'Filter Tables',NULL,NULL);
INSERT INTO __table_metadata_filter_tables VALUES(17,0,'2015-09-13 12:13:47',NULL,3,5,29,'Table Fields',NULL,NULL);
INSERT INTO __table_metadata_filter_tables VALUES(18,0,'2015-09-13 12:15:59',NULL,3,6,29,'Accept Fields',NULL,NULL);
INSERT INTO __table_metadata_filter_tables VALUES(30,0,'2016-04-20 19:22:51',NULL,49,98,134,'Parameters',NULL,NULL);
CREATE TABLE IF NOT EXISTS "__app_sql" (
	"id" INTEGER PRIMARY KEY NOT NULL,
	"_version_" INTEGER NOT NULL DEFAULT 0,
	"_cdate_" DATETIME NOT NULL DEFAULT CURRENT_TIMESTAMP,
	"_mdate_" DATETIME,
	"name" VARCHAR NOT NULL COLLATE NOCASE
	CONSTRAINT __app_sql_name_unique UNIQUE,
	"base" TEXT COLLATE NOCASE NOT NULL,
	"sql" TEXT COLLATE NOCASE,
	"notes" TEXT COLLATE NOCASE
);
CREATE TABLE IF NOT EXISTS "__app_menu" (
	"id" INTEGER PRIMARY KEY NOT NULL,
	"_version_" INTEGER NOT NULL DEFAULT 0,
	"_cdate_" DATETIME NOT NULL DEFAULT CURRENT_TIMESTAMP,
	"_mdate_" DATETIME,
	"sequence" INTEGER DEFAULT 10,
	"parent_id" INTEGER CONSTRAINT __app_menu_parent_id_fk REFERENCES __app_menu("id") CHECK("parent_id" <> "id"),
	"code" VARCHAR COLLATE NOCASE,
	"table_view_id" INTEGER CONSTRAINT __app_menu_table_view_id_fk REFERENCES __tables_metadata("id"),
	"label" VARCHAR NOT NULL COLLATE NOCASE,
	"notes" TEXT COLLATE NOCASE,
	CONSTRAINT __app_menu_code_unique UNIQUE(code, parent_id),
	CONSTRAINT __app_menu_name_unique UNIQUE(label, parent_id)
);
CREATE TABLE IF NOT EXISTS "__table_metadata_edit_links" (
	"id" INTEGER PRIMARY KEY NOT NULL,
	"_version_" INTEGER NOT NULL DEFAULT 0,
	"_cdate_" DATETIME NOT NULL DEFAULT CURRENT_TIMESTAMP,
	"_mdate_" DATETIME,
	"table_id" INTEGER NOT NULL,
	"field_id" INTEGER NOT NULL,
	"link_table_id" INTEGER NOT NULL,
	"link_field_id" INTEGER NOT NULL,
	"filter_src_id" INTEGER 
	CONSTRAINT __table_metadata_edit_links_filter_src_id_and_filter_dest_id 
	CHECK(CASE WHEN filter_dest_id IS NOT NULL THEN filter_src_id IS NOT NULL ELSE 1 END),
	"filter_dest_id" INTEGER
	CONSTRAINT __table_metadata_edit_links_filter_dest_id_and_filter_src_id
	CHECK(CASE WHEN filter_src_id IS NOT NULL THEN filter_dest_id IS NOT NULL ELSE 1 END),
	"show_table_id" INTEGER NOT NULL,
	"show_field_id" INTEGER NOT NULL,
	"show_text_id" INTEGER NOT NULL,
	"no_server_fill" BOOLEAN,
	"sql" TEXT COLLATE NOCASE,
	"notes" TEXT COLLATE NOCASE,
	CONSTRAINT __table_metadata_edit_links_unique_edit_links_required UNIQUE("table_id", "field_id", "link_table_id", "link_field_id"),
	CONSTRAINT __table_metadata_edit_links_foreign_key_table_id_field_id FOREIGN KEY("table_id", "field_id") REFERENCES "__table_metadata_fields"("table_id", "field_id"),
	CONSTRAINT __table_metadata_edit_links_foreign_key_link_field_id FOREIGN KEY("link_table_id", "link_field_id") REFERENCES "__table_metadata_fields"("table_id", "field_id"),
	CONSTRAINT __table_metadata_edit_links_foreign_key_filter_src_id FOREIGN KEY("table_id", "filter_src_id") REFERENCES "__table_metadata_fields"("table_id", "field_id"),
	CONSTRAINT __table_metadata_edit_links_foreign_key_filter_dest_id FOREIGN KEY("link_table_id", "filter_dest_id")	REFERENCES "__table_metadata_fields"("table_id", "field_id"),
	CONSTRAINT __table_metadata_edit_links_foreign_key_show_field_id FOREIGN KEY("show_table_id", "show_field_id") REFERENCES "__table_metadata_fields"("table_id", "field_id"),
	CONSTRAINT __table_metadata_edit_links_foreign_key_show_text_id FOREIGN KEY("show_table_id", "show_text_id") REFERENCES "__table_metadata_fields"("table_id", "field_id")
);
INSERT INTO __table_metadata_edit_links VALUES(1,1,'2015-07-05 19:35:12','2015-07-06 20:40:46',4,9,4,1,NULL,NULL,4,1,5,NULL,'sql',NULL);
INSERT INTO __table_metadata_edit_links VALUES(2,1,'2015-07-05 19:36:50','2015-07-06 20:41:00',4,27,4,1,NULL,NULL,4,1,5,NULL,'sql',NULL);
INSERT INTO __table_metadata_edit_links VALUES(3,1,'2015-07-05 19:51:09','2015-07-06 20:41:17',1,9,1,1,NULL,NULL,1,1,5,NULL,'sql',NULL);
INSERT INTO __table_metadata_edit_links VALUES(4,0,'2015-07-05 19:54:33',NULL,3,9,3,1,NULL,NULL,3,1,5,NULL,'sql',NULL);
INSERT INTO __table_metadata_edit_links VALUES(5,1,'2015-07-05 19:55:16','2015-07-06 20:41:36',3,12,1,1,NULL,NULL,1,1,5,NULL,'sql',NULL);
INSERT INTO __table_metadata_edit_links VALUES(6,1,'2015-07-05 19:56:33','2015-07-06 20:41:45',3,21,2,1,NULL,NULL,2,1,5,NULL,'sql',NULL);
INSERT INTO __table_metadata_edit_links VALUES(7,1,'2015-07-06 07:56:37','2015-07-06 20:41:59',5,28,4,1,NULL,NULL,4,1,5,NULL,'sql',NULL);
INSERT INTO __table_metadata_edit_links VALUES(8,0,'2015-07-06 07:57:45',NULL,5,29,3,1,NULL,NULL,3,1,5,NULL,'sql',NULL);
INSERT INTO __table_metadata_edit_links VALUES(9,3,'2015-07-06 08:02:15','2015-07-06 20:42:27',8,28,4,1,NULL,NULL,4,1,5,NULL,'sql',NULL);
INSERT INTO __table_metadata_edit_links VALUES(11,1,'2015-07-06 08:03:27','2015-07-06 20:42:44',8,32,4,1,NULL,NULL,4,1,5,NULL,'sql',NULL);
INSERT INTO __table_metadata_edit_links VALUES(12,2,'2015-07-06 08:04:01','2015-07-07 09:43:30',8,33,5,29,32,28,3,1,5,NULL,'sql',NULL);
INSERT INTO __table_metadata_edit_links VALUES(13,1,'2015-07-06 08:04:30','2015-07-07 09:23:52',8,34,5,29,38,28,3,1,5,NULL,'sql',NULL);
INSERT INTO __table_metadata_edit_links VALUES(14,2,'2015-07-06 08:05:53','2015-07-07 09:24:49',8,35,5,29,28,28,3,1,5,NULL,'sql',NULL);
INSERT INTO __table_metadata_edit_links VALUES(15,1,'2015-07-06 08:06:24','2015-07-07 09:28:07',8,36,5,29,32,28,3,1,5,NULL,'sql',NULL);
INSERT INTO __table_metadata_edit_links VALUES(18,1,'2015-07-06 09:22:16','2015-07-06 20:43:17',22,28,4,1,NULL,NULL,4,1,5,NULL,'sql',NULL);
INSERT INTO __table_metadata_edit_links VALUES(19,1,'2015-07-06 09:22:38','2015-07-06 20:43:29',22,30,4,1,NULL,NULL,4,1,5,NULL,'sql',NULL);
INSERT INTO __table_metadata_edit_links VALUES(20,1,'2015-07-06 09:22:51','2015-07-07 15:37:34',22,31,5,29,30,28,3,1,5,NULL,'sql',NULL);
INSERT INTO __table_metadata_edit_links VALUES(21,1,'2015-07-06 09:35:44','2015-07-06 20:43:52',4,21,2,1,NULL,NULL,2,1,5,NULL,'sql',NULL);
INSERT INTO __table_metadata_edit_links VALUES(22,1,'2015-07-06 12:48:37','2015-07-06 20:44:02',4,37,4,1,NULL,NULL,4,1,5,NULL,'sql',NULL);
INSERT INTO __table_metadata_edit_links VALUES(23,0,'2015-07-06 20:39:13',NULL,8,38,4,1,NULL,NULL,4,1,5,NULL,'sql',NULL);
INSERT INTO __table_metadata_edit_links VALUES(24,2,'2015-07-06 21:07:51','2015-07-07 08:58:15',8,29,5,29,28,28,3,1,5,NULL,'sql',NULL);
INSERT INTO __table_metadata_edit_links VALUES(25,0,'2015-07-07 09:05:27',NULL,8,39,5,29,38,28,3,1,5,NULL,'sql',NULL);
INSERT INTO __table_metadata_edit_links VALUES(26,0,'2015-07-07 14:43:40',NULL,3,40,36,1,NULL,NULL,36,1,5,NULL,'sql',NULL);
INSERT INTO __table_metadata_edit_links VALUES(27,0,'2015-07-10 23:19:19',NULL,7,28,4,1,NULL,NULL,4,1,5,NULL,'sql',NULL);
INSERT INTO __table_metadata_edit_links VALUES(28,0,'2015-07-10 23:20:19',NULL,7,29,5,29,28,28,3,1,5,NULL,'sql',NULL);
INSERT INTO __table_metadata_edit_links VALUES(29,0,'2015-07-10 23:21:38',NULL,6,28,4,1,NULL,NULL,4,1,5,NULL,'sql',NULL);
INSERT INTO __table_metadata_edit_links VALUES(30,0,'2015-07-10 23:22:08',NULL,6,29,5,29,28,28,3,1,5,NULL,'sql',NULL);
INSERT INTO __table_metadata_edit_links VALUES(31,0,'2015-09-05 19:16:17',NULL,46,87,47,1,NULL,NULL,46,1,7,NULL,NULL,NULL);
INSERT INTO __table_metadata_edit_links VALUES(32,0,'2015-09-05 19:16:40',NULL,46,89,12,1,NULL,NULL,4,1,5,NULL,NULL,NULL);
CREATE TABLE __app_sql_parameters (
	id INTEGER PRIMARY KEY NOT NULL,
	_version_ INTEGER NOT NULL DEFAULT 0,
	_cdate_ DATETIME NOT NULL DEFAULT CURRENT_TIMESTAMP,
	_mdate_ DATETIME,
	app_sql_id integer not null references __app_sql(id),
	name VARCHAR NOT NULL COLLATE NOCASE,
	default_value VARCHAR COLLATE NOCASE,
	field_type VARCHAR COLLATE NOCASE,
	notes TEXT COLLATE NOCASE,
	CONSTRAINT app_sql_id_name_unique UNIQUE(app_sql_id, name)
);
CREATE TABLE IF NOT EXISTS "__tables_metadata" (
	"id" INTEGER PRIMARY KEY NOT NULL,
	"_version_" INTEGER NOT NULL DEFAULT 0,
	"_cdate_" DATETIME NOT NULL DEFAULT CURRENT_TIMESTAMP,
	"_mdate_" DATETIME,
	"inherit_id" INTEGER
	CONSTRAINT __tables_metadata_not_equal_to_itself_inherit_id
	REFERENCES "__tables_metadata"("id")
	CHECK("inherit_id" <> "id"),
	"name" VARCHAR NOT NULL COLLATE NOCASE
	CONSTRAINT __tables_metadata_name_unique UNIQUE,
	"label" VARCHAR COLLATE NOCASE,
	"tooltip" VARCHAR COLLATE NOCASE,
	"extra_html" TEXT COLLATE NOCASE,
	"notes" TEXT COLLATE NOCASE,
	"is_view" BOOLEAN NOT NULL DEFAULT 0,
	"is_read_only" BOOLEAN NOT NULL DEFAULT 0,
	"null_when_blank" BOOLEAN NOT NULL DEFAULT 1,
	"escape_html" INTEGER
	CONSTRAINT __tables_metadata_escape_html_in_escape_html_types
	REFERENCES "__escape_html_types"("id"),
	"default_list_limit" INTEGER DEFAULT 50,
	"with_field_prefix" VARCHAR COLLATE NOCASE,
	"with_sql_where" VARCHAR COLLATE NOCASE,
	"with_order_by" VARCHAR COLLATE NOCASE,
	"edit_table_id" INTEGER
	CONSTRAINT __tables_metadata_not_equal_to_itself_edit_table_id
	REFERENCES "__tables_metadata"("id")
	CHECK("edit_table_id" <> "id"),
	"list_table_id" INTEGER
	CONSTRAINT __tables_metadata_not_equal_to_itself_list_table_id
	REFERENCES "__tables_metadata"("id")
	CHECK("list_table_id" <> "id")
);
INSERT INTO __tables_metadata VALUES(1,1,'2015-07-05 17:58:07','2015-07-06 12:50:18',NULL,'__field_types',NULL,NULL,NULL,'Store all allowed field types for tables',0,0,1,NULL,50,NULL,NULL,NULL,NULL,9);
INSERT INTO __tables_metadata VALUES(2,1,'2015-07-05 17:58:07','2015-07-06 12:50:43',NULL,'__escape_html_types',NULL,NULL,NULL,'Store the options for html escape',0,0,1,NULL,50,NULL,NULL,NULL,NULL,10);
INSERT INTO __tables_metadata VALUES(3,1,'2015-07-05 17:58:07','2015-07-06 12:51:10',NULL,'__fields_metadata',NULL,NULL,NULL,'Store all the available fields for this database',0,0,1,NULL,50,NULL,NULL,NULL,NULL,11);
INSERT INTO __tables_metadata VALUES(4,3,'2015-07-05 17:58:07','2015-07-09 12:53:27',NULL,'__tables_metadata',NULL,NULL,NULL,'Store all the tables',0,0,1,NULL,1000,NULL,NULL,NULL,NULL,29);
INSERT INTO __tables_metadata VALUES(5,1,'2015-07-05 17:58:07','2015-07-06 12:51:37',NULL,'__table_metadata_fields',NULL,NULL,NULL,'Store all the fields for tables',0,0,1,NULL,60,NULL,NULL,NULL,NULL,13);
INSERT INTO __tables_metadata VALUES(6,1,'2015-07-05 17:58:07','2015-07-06 13:46:14',NULL,'__table_metadata_accept_fields',NULL,NULL,NULL,'Store all the accepted/editable fields for a table',0,0,1,NULL,50,NULL,NULL,NULL,NULL,26);
INSERT INTO __tables_metadata VALUES(7,1,'2015-07-05 17:58:07','2015-07-06 12:53:31',NULL,'__table_metadata_list_fields',NULL,NULL,NULL,'Store all the list fields for a table',0,0,1,NULL,50,NULL,NULL,NULL,NULL,24);
INSERT INTO __tables_metadata VALUES(8,1,'2015-07-05 17:58:07','2015-07-06 12:53:54',NULL,'__table_metadata_edit_links',NULL,NULL,NULL,replace('Store all the link fields for a table\n\ninsert or ignore into __table_metadata_edit_links(table_id, field_id, link_table_id, link_field_id, show_table_id, show_field_id, show_text_id)\nselect table_id, field_id, p.id as link_table_id, fm_id.id as link_field_id,\n	p.id as show_table_id, fm_id.id as show_field_id, fm_name.id as show_text_id\nfrom __table_metadata_fields as tf\njoin __fields_metadata as fm on tf.field_id = fm.id and fm.name = ''create_uid'',\n(select id from __tables_metadata where name = ''res_partner'') as p,\n(select id from __fields_metadata where name = ''id'') as fm_id,\n(select id from __fields_metadata where name = ''name'') as fm_name\n','\n',char(10)),0,0,1,NULL,50,NULL,NULL,NULL,NULL,25);
INSERT INTO __tables_metadata VALUES(9,0,'2015-07-05 17:58:07',NULL,NULL,'__field_types_list_view',NULL,NULL,NULL,NULL,1,0,1,NULL,50,NULL,NULL,NULL,1,NULL);
INSERT INTO __tables_metadata VALUES(10,0,'2015-07-05 17:58:07',NULL,NULL,'__escape_html_types_list_view',NULL,NULL,NULL,NULL,1,0,1,NULL,50,NULL,NULL,NULL,2,NULL);
INSERT INTO __tables_metadata VALUES(11,1,'2015-07-05 17:58:07','2015-07-07 10:32:29',NULL,'__fields_metadata_list_view',NULL,NULL,NULL,NULL,1,0,1,NULL,50,NULL,NULL,NULL,3,NULL);
INSERT INTO __tables_metadata VALUES(12,0,'2015-07-05 17:58:07',NULL,NULL,'__tables_metadata_list_view',NULL,NULL,NULL,NULL,1,0,1,NULL,50,NULL,NULL,NULL,4,NULL);
INSERT INTO __tables_metadata VALUES(13,0,'2015-07-05 17:58:07',NULL,NULL,'__table_metadata_fields_list_view',NULL,NULL,NULL,NULL,1,0,1,NULL,50,NULL,NULL,NULL,5,NULL);
INSERT INTO __tables_metadata VALUES(14,0,'2015-07-05 17:58:07',NULL,NULL,'__fields_metadata_view',NULL,NULL,NULL,NULL,1,0,1,NULL,50,NULL,NULL,NULL,3,NULL);
INSERT INTO __tables_metadata VALUES(15,0,'2015-07-05 17:58:07',NULL,NULL,'__tables_metadata_view',NULL,NULL,NULL,NULL,1,0,1,NULL,50,NULL,NULL,NULL,4,NULL);
INSERT INTO __tables_metadata VALUES(16,0,'2015-07-05 17:58:07',NULL,NULL,'__table_metadata_fields_view',NULL,NULL,NULL,NULL,1,0,1,NULL,50,NULL,NULL,NULL,5,NULL);
INSERT INTO __tables_metadata VALUES(17,0,'2015-07-05 17:58:07',NULL,NULL,'__table_metadata_accept_fields_view',NULL,NULL,NULL,NULL,1,0,1,NULL,50,NULL,NULL,NULL,6,NULL);
INSERT INTO __tables_metadata VALUES(18,0,'2015-07-05 17:58:07',NULL,NULL,'__table_metadata_list_fields_view',NULL,NULL,NULL,NULL,1,0,1,NULL,50,NULL,NULL,NULL,7,NULL);
INSERT INTO __tables_metadata VALUES(19,0,'2015-07-05 17:58:07',NULL,NULL,'__table_metadata_edit_links_view',NULL,NULL,NULL,NULL,1,0,1,NULL,50,NULL,NULL,NULL,8,NULL);
INSERT INTO __tables_metadata VALUES(20,1,'2015-07-05 17:58:07','2015-07-05 20:09:47',NULL,'__fields_metadata_sys_names_view',NULL,NULL,NULL,NULL,1,0,1,NULL,50,NULL,NULL,NULL,3,NULL);
INSERT INTO __tables_metadata VALUES(21,1,'2015-07-05 17:58:07','2015-07-05 20:07:55',NULL,'__table_metadata_fields_list2_view',NULL,NULL,NULL,NULL,1,0,1,NULL,50,NULL,NULL,NULL,5,NULL);
INSERT INTO __tables_metadata VALUES(22,1,'2015-07-05 17:58:07','2015-07-06 14:02:29',NULL,'__table_metadata_filter_tables',NULL,NULL,NULL,NULL,0,0,1,NULL,50,NULL,NULL,NULL,NULL,27);
INSERT INTO __tables_metadata VALUES(23,1,'2015-07-05 17:58:07','2015-07-05 20:09:01',NULL,'__table_metadata_filter_tables_view',NULL,NULL,NULL,NULL,1,0,1,NULL,50,NULL,NULL,NULL,22,NULL);
INSERT INTO __tables_metadata VALUES(24,1,'2015-07-05 20:19:39','2015-07-05 20:20:52',NULL,'__table_metadata_list_fields_list_view',NULL,NULL,NULL,NULL,1,0,1,NULL,50,NULL,NULL,NULL,7,NULL);
INSERT INTO __tables_metadata VALUES(25,1,'2015-07-05 22:56:06','2015-07-06 10:32:27',NULL,'__table_metadata_edit_links_list_view',NULL,NULL,NULL,NULL,1,0,1,NULL,50,NULL,NULL,NULL,8,NULL);
INSERT INTO __tables_metadata VALUES(26,1,'2015-07-06 13:45:52','2015-07-06 13:46:30',NULL,'__table_metadata_accept_fields_list_view',NULL,NULL,NULL,NULL,1,0,1,NULL,50,NULL,NULL,NULL,6,NULL);
INSERT INTO __tables_metadata VALUES(27,1,'2015-07-06 14:01:42','2015-07-06 14:02:11',NULL,'__table_metadata_filter_tables_list_view',NULL,NULL,NULL,NULL,1,0,1,NULL,50,NULL,NULL,NULL,22,NULL);
INSERT INTO __tables_metadata VALUES(28,1,'2015-07-07 10:10:43','2015-07-07 10:29:35',NULL,'__table_metadata_list_fields_list2_view',NULL,NULL,NULL,NULL,1,0,1,NULL,50,NULL,NULL,NULL,7,NULL);
INSERT INTO __tables_metadata VALUES(29,1,'2015-07-07 10:10:43','2015-07-07 10:28:30',NULL,'__tables_metadata_list2_view',NULL,NULL,NULL,NULL,1,0,1,NULL,50,NULL,NULL,NULL,4,NULL);
INSERT INTO __tables_metadata VALUES(30,1,'2015-07-07 10:10:43','2015-07-07 10:29:59',NULL,'__escape_html_types_list2_view',NULL,NULL,NULL,NULL,1,0,1,NULL,50,NULL,NULL,NULL,2,NULL);
INSERT INTO __tables_metadata VALUES(31,1,'2015-07-07 10:26:57','2015-07-07 10:30:09',NULL,'__field_types_list2_view',NULL,NULL,NULL,NULL,1,0,1,NULL,50,NULL,NULL,NULL,1,NULL);
INSERT INTO __tables_metadata VALUES(32,1,'2015-07-07 10:26:57','2015-07-07 10:30:22',NULL,'__fields_metadata_list2_view',NULL,NULL,NULL,NULL,1,0,1,NULL,50,NULL,NULL,NULL,3,NULL);
INSERT INTO __tables_metadata VALUES(34,1,'2015-07-07 10:26:57','2015-07-07 10:30:50',NULL,'__table_metadata_edit_links_list2_view',NULL,NULL,NULL,NULL,1,0,1,NULL,50,NULL,NULL,NULL,8,NULL);
INSERT INTO __tables_metadata VALUES(35,1,'2015-07-07 10:26:57','2015-07-07 10:31:39',NULL,'__table_metadata_filter_tables_list2_view',NULL,NULL,NULL,NULL,1,0,1,NULL,50,NULL,NULL,NULL,22,NULL);
INSERT INTO __tables_metadata VALUES(36,1,'2015-07-07 14:18:53','2015-07-07 14:54:54',NULL,'__field_type_collations',NULL,NULL,NULL,NULL,0,0,1,NULL,50,NULL,NULL,NULL,NULL,38);
INSERT INTO __tables_metadata VALUES(37,1,'2015-07-07 14:54:20','2015-07-07 14:54:44',NULL,'__field_type_collations_list_view',NULL,NULL,NULL,NULL,1,0,1,NULL,50,NULL,NULL,NULL,36,NULL);
INSERT INTO __tables_metadata VALUES(38,1,'2015-07-07 14:54:20','2015-07-07 14:54:37',NULL,'__field_type_collations_list2_view',NULL,NULL,NULL,NULL,1,0,1,NULL,50,NULL,NULL,NULL,36,NULL);
INSERT INTO __tables_metadata VALUES(39,1,'2015-07-07 15:05:00','2015-07-07 15:08:51',NULL,'__users',NULL,NULL,NULL,NULL,0,0,1,NULL,50,NULL,NULL,NULL,NULL,41);
INSERT INTO __tables_metadata VALUES(41,1,'2015-07-07 15:08:37','2015-07-07 15:08:58',NULL,'__users_list2_view',NULL,NULL,NULL,NULL,1,0,1,NULL,50,NULL,NULL,NULL,39,NULL);
INSERT INTO __tables_metadata VALUES(42,1,'2015-07-07 15:22:56','2015-07-07 15:23:14',NULL,'__users_list_view',NULL,NULL,NULL,NULL,1,0,1,NULL,50,NULL,NULL,NULL,39,NULL);
INSERT INTO __tables_metadata VALUES(43,0,'2015-07-23 10:07:26',NULL,NULL,'__table_metadata_fields_view0',NULL,NULL,NULL,NULL,1,0,1,NULL,50,NULL,NULL,NULL,NULL,NULL);
INSERT INTO __tables_metadata VALUES(44,0,'2015-08-24 10:44:19',NULL,NULL,'__app_code',NULL,NULL,NULL,NULL,0,0,1,NULL,50,NULL,NULL,NULL,NULL,NULL);
INSERT INTO __tables_metadata VALUES(45,0,'2015-08-24 10:44:19',NULL,NULL,'__app_code_list_view',NULL,NULL,NULL,NULL,1,0,1,NULL,50,NULL,NULL,NULL,NULL,NULL);
INSERT INTO __tables_metadata VALUES(46,0,'2015-08-24 10:44:19',NULL,NULL,'__app_menu',NULL,NULL,NULL,NULL,0,0,1,NULL,50,NULL,NULL,NULL,NULL,47);
INSERT INTO __tables_metadata VALUES(47,0,'2015-08-24 10:44:19',NULL,NULL,'__app_menu_list_view',NULL,NULL,NULL,NULL,1,0,1,NULL,50,NULL,NULL,NULL,46,NULL);
INSERT INTO __tables_metadata VALUES(48,0,'2015-08-24 10:44:19',NULL,NULL,'__create_aux_table',NULL,NULL,NULL,NULL,1,0,1,NULL,50,NULL,NULL,NULL,NULL,NULL);
INSERT INTO __tables_metadata VALUES(49,1,'2015-09-08 12:25:59','2015-09-08 12:26:19',NULL,'__app_sql',NULL,NULL,NULL,NULL,0,0,1,NULL,50,NULL,NULL,NULL,NULL,50);
INSERT INTO __tables_metadata VALUES(50,1,'2015-09-08 12:25:59','2015-09-08 12:28:04',NULL,'__app_sql_list_view',NULL,NULL,NULL,NULL,1,0,1,NULL,50,NULL,NULL,NULL,49,NULL);
INSERT INTO __tables_metadata VALUES(98,0,'2016-04-20 19:18:50',NULL,NULL,'__app_sql_parameters',NULL,NULL,NULL,NULL,0,0,1,NULL,50,NULL,NULL,NULL,NULL,NULL);
INSERT INTO __tables_metadata VALUES(99,0,'2016-04-20 19:20:50',NULL,NULL,'__app_sql_parameters_list_view',NULL,NULL,NULL,NULL,1,0,1,NULL,50,NULL,NULL,NULL,NULL,NULL);
CREATE VIEW "__escape_html_types_list_view" AS
	SELECT id ,  name, notes FROM "__escape_html_types";
CREATE VIEW "__fields_metadata_view" AS
	SELECT fm.*, fmi.name AS "inherit_id_name", ft.name AS "type_id_name", eh.name AS "escape_html_name"
	FROM "__fields_metadata" AS fm
	LEFT JOIN "__fields_metadata" AS fmi
		ON fm.inherit_id = fmi.id
	JOIN "__field_types" AS ft ON fm.type_id = ft.id
	LEFT JOIN "__escape_html_types" AS eh
		ON fm.escape_html = eh.id;
CREATE VIEW "__table_metadata_accept_fields_view" AS
	SELECT tmaf.*, tm.name AS "table_id_name", fm.name AS "field_id_name"
	FROM "__table_metadata_accept_fields" AS tmaf
	JOIN "__tables_metadata" AS tm
		ON tmaf.table_id = tm.id
	JOIN "__fields_metadata" AS fm
		ON tmaf.field_id = fm.id;
CREATE VIEW "__table_metadata_list_fields_view" AS
	SELECT tmlf.*, tm.name AS "table_id_name", fm.name AS "field_id_name"
	FROM "__table_metadata_list_fields" AS tmlf
	JOIN "__tables_metadata" AS tm
		ON tmlf.table_id = tm.id
	JOIN "__fields_metadata" AS fm
		ON tmlf.field_id = fm.id;
CREATE VIEW "__tables_metadata_view" AS
	SELECT tm.*, tmi.name AS "inherit_id_name", eh.name AS "escape_html_name", 
		mte.name AS "edit_table_id_name", mtl.name AS "list_table_id_name"
	FROM "__tables_metadata" AS tm
	LEFT JOIN "__tables_metadata" AS tmi
		ON tm.inherit_id = tmi.id
	LEFT JOIN "__escape_html_types" AS eh
		ON tm.escape_html = eh.id
	LEFT JOIN "__tables_metadata" AS mte
		ON tm.edit_table_id = mte.id
	LEFT JOIN "__tables_metadata" AS mtl
		ON tm.list_table_id = mtl.id;
CREATE VIEW "__table_metadata_list_fields_list2_view" AS
	SELECT
		"id" AS "id|ID|5|R",
		"table_id_name" AS "table_id_name|Table|-1",
		"field_id_name" AS "field_id_name|Field|16"
	FROM "__table_metadata_list_fields_view";
CREATE VIEW "__escape_html_types_list2_view" AS
	SELECT
		"id" AS "id|ID|5|R",
		"name" AS "name|Name|8",
		"notes" AS "notes|Notes|-1"
	FROM "__escape_html_types";
CREATE VIEW "__tables_metadata_list2_view" AS
	SELECT 
		"id" AS "id|ID|5|R",
		"name" AS "name|Name|-1", 
		"is_view" AS "is_view|View?|5|C|B"
	FROM "__tables_metadata"
	ORDER BY name;
CREATE VIEW "__tables_metadata_list_view" AS
	SELECT 
		"id", "name", "is_view"
	FROM "__tables_metadata"
	ORDER BY name;
CREATE VIEW "__fields_metadata_list_view" AS
	SELECT fm.id ,  fm.name, ft.name as "type", fm.notes
	FROM "__fields_metadata" AS fm
	JOIN "__field_types" AS ft
		ON fm.type_id = ft.id
	ORDER BY fm.name;
CREATE VIEW "__fields_metadata_list2_view" AS
	SELECT
		fm.id  AS "id|ID|5|R", 
		fm.name  AS "name|Name|10",
		ft.name  AS "type|Type|10",
		fm.notes AS "notes|Notes|-1"
	FROM "__fields_metadata" AS fm
	JOIN "__field_types" AS ft
		ON fm.type_id = ft.id
	ORDER BY fm.name;
CREATE VIEW "__field_types_list2_view" AS
	SELECT
		"id" AS "id|ID|5|R",
		"name" AS "name|Name|10",
		"notes" AS "notes|Notes|-1"
	FROM "__field_types"
	ORDER BY name;
CREATE VIEW "__field_types_list_view" AS
	SELECT id ,  name, notes
	FROM "__field_types"
	ORDER BY name;
CREATE VIEW "__field_type_collations_list_view" AS
	SELECT id ,  name, notes
	FROM "__field_type_collations"
	ORDER BY name;
CREATE VIEW "__field_type_collations_list2_view" AS
	SELECT
		"id" AS "id|ID|5|R",
		"name" AS "name|Name|10",
		"notes" AS "notes|Notes|-1"
	FROM "__field_type_collations"
	ORDER BY name;
CREATE VIEW "__users_list2_view" AS
	SELECT
		"id" AS "id|ID|5|R",
		"username" AS "username|Username|10",
		"is_admin" AS "is_admin|Is Admin|6|C|B",
		"notes" AS "notes|Notes|-1"
	FROM "__users"
	ORDER BY username;
CREATE VIEW "__users_list_view" AS
	SELECT id , username, is_admin, notes
	FROM "__users"
	ORDER BY username;
CREATE VIEW "__table_metadata_accept_fields_list_view" AS
	SELECT "id", "table_id_name", "field_id_name", "table_id", "field_id"
	FROM "__table_metadata_accept_fields_view" AS tmfv
	ORDER BY table_id_name, field_id_name;
CREATE VIEW "__table_metadata_list_fields_list_view" AS
	SELECT
		"id", "table_id_name", "field_id_name", "table_id", "field_id"
	FROM "__table_metadata_list_fields_view"
	ORDER BY table_id_name, field_id_name;
CREATE VIEW "__table_metadata_fields_view0" AS
	SELECT tmf.*, tm.name AS "table_id_name", fm.name AS "field_id_name"
	FROM "__table_metadata_fields" AS tmf
	JOIN "__tables_metadata" AS tm
		ON tmf.table_id = tm.id
	JOIN "__fields_metadata" AS fm
		ON tmf.field_id = fm.id;
CREATE VIEW "__table_metadata_fields_view" AS
	SELECT a.*
	FROM "__table_metadata_fields_view0" AS a
	ORDER BY a.table_id_name;
CREATE VIEW "__table_metadata_fields_list2_view" AS
	SELECT 
		"id" AS "id|ID|4|R", 
		"table_id_name" AS "table_id_name|Table|14",
		"field_id_name" AS "field_id_name|Field|-1"
	FROM "__table_metadata_fields_view" AS tmfv;
CREATE VIEW "__table_metadata_edit_links_list2_view" AS
	SELECT
		"id" AS "id|ID|5|R",
		"table_id_name" AS "table_id_name|Table|14",
		"field_id_name" AS "field_id_name|Field|-1"
	FROM "__table_metadata_edit_links_view";
CREATE VIEW "__table_metadata_filter_tables_view" AS
	SELECT tmft.*, tms.name AS "table_id_name", tmd.name AS "table_filtered_id_name",
		tmf.field_id_name AS "table_filtered_field_id_name"
	FROM "__table_metadata_filter_tables" AS tmft
	JOIN "__tables_metadata" AS tms
		ON tmft.table_id = tms.id
	JOIN "__tables_metadata" AS tmd
		ON tmft.table_filtered_id = tmd.id
	JOIN "__table_metadata_fields_view" AS tmf 
		ON tmft.table_filtered_id = tmf.table_id
		AND tmft.table_filtered_field_id = tmf.field_id;
CREATE VIEW "__table_metadata_filter_tables_list2_view" AS
	SELECT
		"id" AS "id|ID|5|R",
		"table_id_name" AS "table_id_name|Table|14",
		"table_filtered_id_name" AS "table_filtered_id_name|Filtered|-1"
	FROM "__table_metadata_filter_tables_view";
CREATE VIEW "__table_metadata_edit_links_list_view" AS
	SELECT
		"id", "table_id_name", "field_id_name", "link_table_id_name", "link_field_id_name",
		"show_table_id_name", "show_field_id_name", "show_text_id_name",
		"filter_src_id_name", "filter_dest_id_name", "table_id", "field_id"
	FROM "__table_metadata_edit_links_view"
	ORDER BY table_id_name, field_id_name;
CREATE VIEW "__table_metadata_fields_list_view" AS
	SELECT "id", "table_id_name", "field_id_name", "table_id", "field_id"
	FROM "__table_metadata_fields_view" AS tmfv
	ORDER BY table_id_name, field_id_name;
CREATE VIEW "__table_metadata_filter_tables_list_view" AS
SELECT
	id,
	name,
	"table_id_name",
	"table_filtered_id_name",
	"table_filtered_field_id_name",
	table_id
FROM "__table_metadata_filter_tables_view"
ORDER BY table_id_name, table_filtered_id_name;
CREATE VIEW "__fields_metadata_sys_names_view" AS
	--fields that any table should have
	SELECT 'id' AS id, '_version_' AS _version_, '_cdate_' AS _cdate_, '_mdate_' AS _mdate_, 
		'write_uid' AS write_uid, 'create_uid' AS create_uid, 'create_date' AS create_date, 
		'write_date' AS write_date
;
CREATE VIEW "__app_code_list_view" AS
SELECT
	a."id",
	a."name",
	a."path",
	a."notes"
FROM "__app_code" AS a;
CREATE VIEW "__app_menu_list_view" AS
SELECT
	a."id",
	c."label" AS parent,
	a."label",
	b."name" AS table_view,
	a."code",
	a."sequence",
	a."parent_id",
	a."table_view_id"
FROM "__app_menu" AS a
LEFT JOIN "__tables_metadata" AS b ON a."table_view_id" = b."id"
LEFT JOIN "__app_menu" AS c ON a."parent_id" = c."id";
CREATE VIEW __create_aux_table AS
SELECT 'CREATE TABLE "_bt_"(
	id INTEGER PRIMARY KEY,
	code VARCHAR NOT NULL UNIQUE,
	name VARCHAR NOT NULL UNIQUE
);' AS ct
--select replace((select ct from  __create_aux_table), '_bt_', 'lunch_order_state') as ct
;
CREATE VIEW "__app_sql_list_view" AS
SELECT
	a."id",
	a."_mdate_",
	a."name"
FROM "__app_sql" AS a;
CREATE VIEW "__table_metadata_edit_links_view" AS
SELECT 
	tmel."id",
	tmel."table_id",
	tmel."field_id",
	tmel."link_table_id",
	tmel."link_field_id",
	tmel."filter_src_id",
	tmel."filter_dest_id",
	tmel."show_table_id",
	tmel."show_field_id",
	tmel."show_text_id",
	tmel."no_server_fill",
	tm.name AS "table_id_name",
	tfm.name AS "field_id_name",
	tml.name AS "link_table_id_name",
	tfm1.name AS "link_field_id_name", 
	tmtls.name AS "show_table_id_name",
	tfm2.name AS "show_field_id_name",
	tfm3.name AS "show_text_id_name",
	tfm4.name AS "filter_src_id_name",
	tfm5.name AS "filter_dest_id_name"
FROM "__table_metadata_edit_links" AS tmel
JOIN "__tables_metadata" AS tm
	ON tmel.table_id = tm.id
JOIN "__fields_metadata" AS tfm
	ON tmel.field_id = tfm.id
JOIN "__tables_metadata" AS tml
	ON tmel.link_table_id = tml.id
JOIN "__fields_metadata" AS tfm1
	ON tmel.link_field_id = tfm1.id
JOIN "__tables_metadata" AS tmtls
	ON tmel.show_table_id = tmtls.id
JOIN "__fields_metadata" AS tfm2
	ON tmel.show_field_id = tfm2.id
JOIN "__fields_metadata" AS tfm3
	ON tmel.show_text_id = tfm3.id
LEFT JOIN "__fields_metadata" AS tfm4
	ON tmel.filter_src_id = tfm4.id
LEFT JOIN "__fields_metadata" AS tfm5
	ON tmel.filter_dest_id = tfm5.id;
CREATE VIEW "__app_sql_parameters_list_view" AS
SELECT
	a."id",
	b."name" AS sql,
	a."name",
	a."default_value",
	a."field_type",
	a."notes",
	a."app_sql_id"
FROM "__app_sql_parameters" AS a
LEFT JOIN "__app_sql" AS b ON a."app_sql_id" = b."id";
COMMIT;
